District,DBN,School Name,Year,Grade 7,Grade 8,Percent Female ,Percent Male,Percent Asian,Percent Black,Percent Hispanic,Percent Multiple Race Categories Not Represented,Percent White,Percent Students with Disabilities,Percent English Language Learners,Percent Poverty
2,02M104,J.H.S. 104 Simon Baruch ,2017-18,378,388,46.6,53.4,33.7,7.5,19,5.2,34.7,17,4.1,43.8
2,02M114,East Side Middle School ,2017-18,150,152,54.9,45.1,12.2,3.6,8.9,7.8,67.6,15.8,0,10.9
2,02M126,Manhattan Academy of Technology/Jacob Riis ,2017-18,111,113,46,54,62.1,9.3,18,2.7,7.9,18.2,16.7,79.6
2,02M131,Sun Yat Sen Middle School ,2017-18,165,139,43.3,56.7,81.4,6,10.6,0.2,1.8,25.7,32.6,93.3
2,02M167,J.H.S. 167 Robert F. Wagner ,2017-18,457,429,47.3,52.7,21,6,15.9,5,52.1,16.2,3.1,30.6
2,02M177,Yorkville East Middle School ,2017-18,76,82,49.8,50.2,8.6,12,25.3,4.7,49.4,26.2,1.7,34.3
2,02M217,P.S./I.S. 217 Roosevelt Island ,2017-18,22,21,51,49,30,11.4,14.9,5.2,38.5,11.5,16.4,33.8
2,02M225,Ella Baker School ,2017-18,25,21,49.7,50.3,5.6,16.6,32.2,8.4,37.2,21.3,0.9,33.4
2,02M255,M.S. 255 Salk School of Science ,2017-18,128,128,58,42,16.6,1.8,11.4,8.8,61.4,16.6,0.5,10.6
2,02M260,The Clinton School ,2017-18,99,97,68.2,31.8,12.6,4.6,11.4,7.3,64.1,16.4,0.3,13.6
2,02M276,Battery Park City School ,2017-18,92,84,47.8,52.2,19.6,4.1,13.2,9.1,54.1,17.8,3.1,12.6
2,02M289,Hudson River Middle School ,2017-18,93,91,47.3,52.7,44.2,3.9,11.3,2.1,38.5,23.3,1.8,50.2
2,02M297,M.S. 297 ,2017-18,0,0,51.8,48.2,8.8,9.3,19.2,2.6,60.1,21.8,3.1,30.1
2,02M312,New York City Lab Middle School for Collaborative Studies ,2017-18,177,181,41.3,58.7,55.1,2,6.5,6.5,30,16.4,1.4,38.3
2,02M347,The 47 American Sign Language & English Lower School ,2017-18,17,10,51.8,48.2,3,19.8,43.1,8.6,25.4,52.3,25.9,61.9
2,02M397,Spruce Street School ,2017-18,58,55,49,51,15.8,3.3,13.9,11.9,55.1,16.9,3,13.2
2,02M407,Institute for Collaborative Education ,2017-18,68,75,46.7,53.3,6.9,19.1,16.7,5.3,52,10.6,0.8,25
2,02M408,Professional Performing Arts School ,2017-18,31,33,74.9,25.1,6.5,21.2,21.4,8.1,42.7,14.9,0.2,36.5
2,02M413,School of the Future Middle and High School ,2017-18,105,103,47.7,52.3,17.1,11.1,26.4,9.1,36.4,20.9,1.7,38.9
2,02M422,Quest to Learn ,2017-18,74,94,36.9,63.1,10.8,22,42.7,4.3,20.3,29.9,2.7,68.4
2,02M442,"Ballet Tech, NYC Public School for Dance ",2017-18,23,25,49.6,50.4,31.9,19.1,21.3,5.7,22,4.3,1.4,53.2
2,02M896,Lower Manhattan Community Middle School ,2017-18,124,129,52.7,47.3,42.6,10.9,16.6,2.3,27.5,27.5,6.2,57.4
2,02M933,City Knoll Middle School ,2017-18,85,77,50,50,9.7,25.4,50.8,4.2,9.7,30.1,8.5,74.2
10,10X003,P.S. 3 Raul Julia Micro Society ,2017-18,31,49,52.6,47.4,0.9,29,69.8,0,0.3,19.8,12.9,94.5
10,10X015,P.S. X015 Institute for Environmental Learning ,2017-18,58,56,54.6,45.4,1,11.5,86.3,1,0.2,20,9.8,79
10,10X020,"PS/MS 20 P.O.George J. Werdann, III ",2017-18,122,119,48.2,51.8,9.2,10.9,72.4,2.1,5.4,24.5,24.2,94.8
10,10X037,P.S. X037 - Multiple Intelligence School ,2017-18,50,70,45.7,54.3,2,21.5,73.2,1.4,1.9,27.6,15.3,85.3
10,10X045,Thomas C. Giordano Middle School 45 ,2017-18,226,257,49.4,50.6,2,15.6,77.2,0.8,4.4,18.5,20.1,97
10,10X080,J.H.S. 080 The Mosholu Parkway ,2017-18,235,231,44.4,55.6,12.7,12.9,68.6,0.9,4.9,22.7,33.6,90.6
10,10X095,P.S. 095 Sheila Mencher ,2017-18,156,160,48.6,51.4,6.2,17,70.1,1.9,4.7,19.5,17.8,81.2
10,10X118,J.H.S. 118 William W. Niles ,2017-18,379,416,50.3,49.7,14.8,21.8,59.9,0.6,2.9,23,10.7,89.8
10,10X141,Riverdale / Kingsbridge Academy ,2017-18,249,250,49.8,50.2,7.7,9,56.4,1.5,25.4,19.7,6.7,51.4
10,10X206,I.S. 206 Ann Mersereau ,2017-18,64,69,49.3,50.7,1.9,13,83.6,1,0.5,32.4,31.9,90.3
10,10X225,Theatre Arts Production Company School ,2017-18,74,51,67.1,32.9,1.3,26.5,69.1,1.5,1.6,23.2,7.7,79.8
10,10X228,Jonas Bronck Academy ,2017-18,88,90,50.7,49.3,6.7,13.8,75,2.2,2.2,18.3,5.6,89.6
10,10X243,West Bronx Academy for the Future ,2017-18,93,95,47.1,52.9,1.8,18.1,77.8,0.7,1.6,26,12.4,94.6
10,10X244,The New School for Leadership and Journalism ,2017-18,285,269,49.3,50.7,4.1,12.3,80.2,0.9,2.4,22.1,21.4,96.8
10,10X254,I.S. 254 ,2017-18,165,141,48.2,51.8,2.1,17.5,78.9,0.6,0.9,27.5,34.1,88.7
10,10X279,"P.S. 279 Captain Manuel Rivera, Jr. ",2017-18,130,139,46.9,53.1,3.8,16.1,78.9,0.7,0.5,19.7,29.9,94.2
10,10X280,P.S./M.S. 280 Mosholu Parkway ,2017-18,129,101,47.8,52.2,10.4,7.9,75.1,0.7,5.9,28,16.8,95.9
10,10X308,Bronx Dance Academy School ,2017-18,92,80,77,23,1.5,22.3,75.5,0,0.7,23.8,4.8,92.9
10,10X315,P.S. 315 Lab School ,2017-18,41,30,49,51,1.2,13.3,84.3,0.8,0.4,21.3,15.7,97.6
10,10X331,The Bronx School of Young Leaders ,2017-18,138,127,48.2,51.8,1.7,25.4,72.9,0,0,23.2,19.6,87.8
10,10X342,International School for Liberal Arts ,2017-18,46,51,48.9,51.1,0.2,0.4,99.2,0,0.2,7.1,66.5,97.5
10,10X363,Academy For Personal Leadership And Excellence ,2017-18,197,180,43.4,56.6,1.6,10.2,86.7,0.5,0.9,25.5,33.6,89
10,10X368,In-Tech Academy ,2017-18,170,155,46.7,53.3,4.1,8.8,81.6,1.6,4,20.7,16.6,86.3
10,10X390,M.S. 390 ,2017-18,188,164,43.4,56.6,0.6,12.8,86.5,0,0.2,25,29.7,98.1
10,10X391,The Angelo Patri Middle School ,2017-18,160,189,44,56,1.5,21.9,74.3,0.9,1.3,27,36,91.9
10,10X447,Creston Academy ,2017-18,167,157,51.5,48.5,1.5,9.8,86.5,0.9,1.3,18.3,35,91.7
20,20K030,P.S./I.S. 30 Mary White Ovington ,2017-18,125,124,46.3,53.7,23.5,1.5,30.2,1,43.8,20.3,22.9,80
20,20K062,J.H.S. 062 Ditmas ,2017-18,434,391,48.4,51.6,32.6,19.8,33.1,0.8,13.6,18.4,21.5,87.4
20,20K104,P.S./I.S. 104 The Fort Hamilton School ,2017-18,158,170,45.7,54.3,20,4.3,26.6,2.8,46.2,14.4,11.4,64
20,20K163,P.S. 163 Bath Beach ,2017-18,90,90,48.8,51.2,31.3,1.3,34.8,0.3,32.4,18.6,22.7,80.4
20,20K180,The SEEALL Academy ,2017-18,159,175,46.5,53.5,45.6,0.8,27.3,1.3,25,15.1,30.4,87.9
20,20K187,The Christa McAuliffe School\I.S. 187 ,2017-18,266,274,52.3,47.7,67.5,1.3,6.8,0.6,23.9,11.3,3.3,65.8
20,20K192,P.S. 192 - The Magnet School for Math and Science Inquiry ,2017-18,67,67,52.4,47.6,21.7,1.8,47.1,0.7,28.7,20.8,31.8,85.2
20,20K201,J.H.S. 201 The Dyker Heights ,2017-18,508,524,45.5,54.5,51.8,0.6,15.4,0.6,31.6,13.4,9,75.3
20,20K220,J.H.S. 220 John J. Pershing ,2017-18,473,527,46.9,53.1,52.5,1.3,41.9,0.1,4.2,14.7,33.8,86.1
20,20K223,J.H.S. 223 The Montauk ,2017-18,341,323,46.5,53.5,62.1,1.8,26.1,0.5,9.5,14.7,33.6,97.5
20,20K227,J.H.S. 227 Edward B. Shallow ,2017-18,496,459,45.6,54.4,59.8,0.5,26.5,0.5,12.7,14.1,27.7,92.1
20,20K229,P.S. 229 Dyker ,2017-18,115,128,49.3,50.7,59.5,1.4,12,1.1,25.9,14.1,11.9,59.5
20,20K259,J.H.S. 259 William Mckinley ,2017-18,630,580,46.4,53.6,44.4,1.2,20.1,0.6,33.6,12,13.1,80.5
20,20K609,Urban Assembly School for Criminal Justice ,2017-18,78,77,100,0,47.7,16.4,18.3,1.8,15.8,14.4,14.9,94.4
20,20K686,Brooklyn School of Inquiry ,2017-18,58,85,49.8,50.2,20,4.9,4.9,2.8,67.3,6.2,8.7,22.4
24,24Q005,I.S. 5 - The Walter Crowley Intermediate School ,2017-18,614,630,48.9,51.1,43.7,1.6,51.7,0.9,2.2,17,16.6,78.6
24,24Q049,P.S. 049 Dorothy Bonawit Kole ,2017-18,142,133,49.9,50.1,18.6,0.5,24,1.3,55.6,15.9,6.5,47.5
24,24Q061,I.S. 061 Leonardo Da Vinci ,2017-18,752,715,46,54,7.1,2.7,87.9,0.4,1.8,20.5,31.5,96.2
24,24Q073,I.S. 73 - The Frank Sansivieri Intermediate School ,2017-18,687,768,45.4,54.6,29.1,1.1,57.7,0.7,11.4,19.4,14.4,70.3
24,24Q077,I.S. 077 ,2017-18,350,345,47.4,52.6,9.2,2.2,78.3,0.4,10,28.1,21.3,92.1
24,24Q087,P.S./I.S. 087 Middle Village ,2017-18,81,75,47.4,52.6,3.3,2.1,52,1.8,40.8,22.4,8.6,63
24,24Q093,I.S. 093 Ridgewood ,2017-18,357,378,47.7,52.3,9.2,1.9,71.2,0.5,17.2,21.7,15.3,94.7
24,24Q102,P.S. 102 Bayview ,2017-18,143,143,48.3,51.7,60.9,2.9,32,0.9,3.3,13.3,14.4,85.4
24,24Q113,P.S./I.S. 113 Anthony J. Pranzo ,2017-18,109,133,49.8,50.2,5.2,1,41.9,1.1,50.8,15.2,5.1,55.5
24,24Q119,I.S. 119 The Glendale ,2017-18,187,219,51.1,48.9,25.8,1.8,30.4,2.6,39.4,8.8,3.6,73.3
24,24Q125,I.S. 125 Thom J. McCann Woodside ,2017-18,567,535,47.9,52.1,38.2,1.9,54.3,0.9,4.8,16.5,17.2,75.7
24,24Q128,"P.S. 128 The Lorraine Tuzzo, Juniper Valley Elementary School ",2017-18,103,117,51.1,48.9,3.3,0.5,19.6,0.4,76.2,14,4,36.4
24,24Q311,Corona Arts & Sciences Academy ,2017-18,294,120,50.5,49.5,2,1.1,96.2,0.3,0.4,18.8,23.9,97.4
24,24Q560,"Robert F. Wagner, Jr. Secondary School for Arts and Technology ",2017-18,60,51,45.4,54.6,23.8,4.4,55.2,1.4,15.3,15.5,5,77
31,31R002,I.S. R002 George L. Egbert ,2017-18,323,288,50.8,49.2,12.3,7.6,29,1.8,49.3,23.9,7.9,71.1
31,31R007,I.S. 007 Elias Bernstein ,2017-18,370,393,50.8,49.2,5.5,0.6,9.3,1.5,83.1,17.6,0.9,36.7
31,31R024,I.S. 024 Myra S. Barnes ,2017-18,460,383,47.5,52.5,5.1,1.2,14.8,1,77.9,24.5,2.6,43.6
31,31R027,I.S. 027 Anning S. Prall ,2017-18,325,330,49.3,50.7,9,21.9,40.7,1.4,27.1,24.4,6.7,72.4
31,31R028,The Eagle Academy for Young Men of Staten Island ,2017-18,60,68,0,100,4.7,48.6,34.8,2.4,9.5,34,5.5,82.6
31,31R034,I.S. 034 Tottenville ,2017-18,348,378,50,50,4,0.6,11.2,0.5,83.6,27.5,2.1,34.2
31,31R072,I.S. 072 Rocco Laurie ,2017-18,448,463,46.6,53.4,22.5,4.7,26.8,1.3,44.7,20.7,5.1,64.4
31,31R048,P.S. 048 William G. Wilcox ,2017-18,97,118,49.8,50.2,19.6,3.9,17.5,1.8,57.2,18.8,7.3,41.5
31,31R049,I.S. 49 Berta A. Dreyfus ,2017-18,215,240,53.4,46.6,9,34.8,46.1,1,9.2,35.5,13.2,94.1
31,31R051,I.S. 051 Edwin Markham ,2017-18,461,434,50.4,49.6,5.6,23.6,44.3,1.3,25.3,29.8,8,77.7
31,31R061,I.S. 061 William A Morris ,2017-18,320,328,54.5,45.5,4,32.8,45.6,2.3,15.3,30.2,11.4,82.2
31,31R063,Marsh Avenue School for Expeditionary Learning ,2017-18,148,156,54.7,45.3,8.9,6.5,24.2,1.3,59,23.5,1.1,37
31,31R075,I.S. 075 Frank D. Paulo ,2017-18,463,430,48.8,51.2,8.8,1.8,12.3,2,75.1,22.6,1.7,38.7
31,31R080,The Michael J. Petrides School ,2017-18,98,93,47,53,8.7,21.2,23.7,3.7,42.7,28.5,1.4,47.1
31,31R861,Staten Island School of Civic Leadership ,2017-18,93,96,51.5,48.5,12.5,20.2,43,4.2,20.1,25.1,3.3,78.6
2,02M104,J.H.S. 104 Simon Baruch ,2016-17,369,403,44.9,55.1,36,7.5,18.8,3.8,33.9,17.6,4.6,46.2
2,02M114,East Side Middle School ,2016-17,147,145,52.1,47.9,14,3.2,9,8.6,65.2,15.8,0,7
2,02M126,Manhattan Academy of Technology/Jacob Riis ,2016-17,116,110,46.8,53.2,59.5,9.9,20.1,2.7,7.8,18.3,17.7,79.6
2,02M131,Sun Yat Sen Middle School ,2016-17,125,170,42.2,57.8,83.6,5.7,9.4,0.7,0.7,24.1,34.1,93.7
2,02M167,J.H.S. 167 Robert F. Wagner ,2016-17,434,436,47.5,52.5,23.3,8.1,17.3,4.3,47,15.8,3.8,33.6
2,02M177,Yorkville East Middle School ,2016-17,84,50,48.4,51.6,9.9,10.3,26.8,5.2,47.9,28.2,1.4,28.6
2,02M217,P.S./I.S. 217 Roosevelt Island ,2016-17,21,18,49.9,50.1,29.4,13.2,15.2,4.2,38,12.4,11.1,33.6
2,02M225,Ella Baker School ,2016-17,22,22,50.5,49.5,5.8,16.7,37.6,7.1,32.8,22.5,2.9,36.3
2,02M255,M.S. 255 Salk School of Science ,2016-17,132,127,58.2,41.8,18.5,2.3,10.3,7.9,61,15.4,0.3,10.8
2,02M260,The Clinton School ,2016-17,97,94,68.1,31.9,12.9,5.1,11.2,6.5,64.2,16.6,0.6,10.6
2,02M276,Battery Park City School ,2016-17,83,91,47.1,52.9,19.9,4.9,10.6,7.9,56.7,18.6,1.6,8.7
2,02M289,Hudson River Middle School ,2016-17,92,94,52.3,47.7,42,5.7,12.1,2.5,37.7,23.5,1.1,43.8
2,02M312,New York City Lab Middle School for Collaborative Studies ,2016-17,180,174,39.2,60.8,51.9,1.8,5.7,7,33.5,15.3,1.1,30.3
2,02M347,The 47 American Sign Language & English Lower School ,2016-17,11,7,49.7,50.3,2.6,21.5,45.6,7.7,22.6,54.9,4.6,64.1
2,02M397,Spruce Street School ,2016-17,57,0,50,50,15.6,3.3,12.6,13.4,55.1,15.4,2.8,12.4
2,02M407,Institute for Collaborative Education ,2016-17,72,72,50,50,6.8,17.5,17.1,6.8,51.9,9.7,0.2,20.8
2,02M408,Professional Performing Arts School ,2016-17,33,30,75.6,24.4,6.4,19.3,19.9,13.4,41,14.7,0,29
2,02M413,School of the Future Middle and High School ,2016-17,107,89,48.9,51.1,15.6,11.4,27.9,8,37.1,20.2,1,33.7
2,02M422,Quest to Learn ,2016-17,95,90,31.7,68.3,11,20.2,40.4,5.6,22.7,32.8,2.6,54.1
2,02M442,"Ballet Tech, NYC Public School for Dance ",2016-17,26,20,54,46,30,29.3,17.3,4.7,18.7,3.3,2,55.3
2,02M896,Lower Manhattan Community Middle School ,2016-17,133,127,51.8,48.2,44,9.6,16.6,2.3,27.5,25.4,8,57.5
2,02M933,City Knoll Middle School ,2016-17,74,88,57.1,42.9,10.1,19.8,50.2,3.2,16.6,33.6,8.1,74.9
10,10X003,P.S. 3 Raul Julia Micro Society ,2016-17,38,27,55.2,44.8,1.5,31,66.7,0.3,0.6,18.3,10.3,96.2
10,10X015,P.S. X015 Institute for Environmental Learning ,2016-17,60,66,49.9,50.1,1.2,12.9,84.8,1,0.2,22.4,8.7,69.7
10,10X020,"PS/MS 20 P.O.George J. Werdann, III ",2016-17,129,82,48.9,51.1,9.8,9.4,72.2,2.1,6.5,27.5,21.4,94
10,10X037,P.S. X037 - Multiple Intelligence School ,2016-17,54,68,46.9,53.1,1.8,23,72.6,1.3,1.4,26.8,18.5,73.8
10,10X045,Thomas C. Giordano Middle School 45 ,2016-17,247,228,49.5,50.5,1.4,16.2,78,0.7,3.8,18.4,18.7,97.4
10,10X080,J.H.S. 080 The Mosholu Parkway ,2016-17,220,232,46,54,13.9,12.7,66.6,0.8,6.1,21.1,34.4,88.2
10,10X095,P.S. 095 Sheila Mencher ,2016-17,156,155,47.5,52.5,6.5,17.2,70.6,1.8,3.9,20.2,19.7,70
10,10X118,J.H.S. 118 William W. Niles ,2016-17,398,378,51,49,15.8,21.1,60,0.3,2.8,20.7,9.9,90.4
10,10X141,Riverdale / Kingsbridge Academy ,2016-17,246,261,49.2,50.8,8.6,9.4,54.6,0.8,26.6,19.3,7.7,49.3
10,10X206,I.S. 206 Ann Mersereau ,2016-17,66,76,45.7,54.3,1,15.7,80.7,1,1.5,36.5,25.9,79.2
10,10X225,Theatre Arts Production Company School ,2016-17,57,65,67.8,32.2,1.1,28.6,66.2,1.8,2.3,24.4,6,71.9
10,10X228,Jonas Bronck Academy ,2016-17,88,89,51.1,48.9,4.5,15.4,76.7,1.1,2.3,19.9,5.6,91
10,10X243,West Bronx Academy for the Future ,2016-17,90,93,43.8,56.2,1.7,18.5,77.5,0.3,2,27.4,11.9,93.4
10,10X244,The New School for Leadership and Journalism ,2016-17,248,278,48.5,51.5,3.1,9.8,83.1,1,3.1,24.6,21.1,94.1
10,10X254,I.S. 254 ,2016-17,144,195,44.8,55.2,2.5,17.6,78.1,0.8,1,28.3,32.9,78.3
10,10X279,"P.S. 279 Captain Manuel Rivera, Jr. ",2016-17,136,125,48.1,51.9,3.4,16.6,78.6,1,0.4,19.9,30.9,96.4
10,10X280,P.S./M.S. 280 Mosholu Parkway ,2016-17,102,102,47.9,52.1,9.9,9,74.7,0.4,5.9,28.5,14.9,93.5
10,10X308,Bronx Dance Academy School ,2016-17,84,92,76,24,2.5,20.7,76,0.4,0.4,22.9,5.1,89.5
10,10X315,P.S. 315 Lab School ,2016-17,32,25,47.1,52.9,1.8,13.5,83.2,1.1,0.4,22.3,16.1,96.7
10,10X331,The Bronx School of Young Leaders ,2016-17,121,152,46.3,53.7,1.5,21.2,76.2,0,1,25.1,19.7,76.5
10,10X342,International School for Liberal Arts ,2016-17,51,55,46.9,53.1,0,0.2,99.4,0,0.4,8.1,65.1,89.5
10,10X363,Academy For Personal Leadership And Excellence ,2016-17,167,161,43.1,56.9,2.2,10.7,85.3,0.4,1.4,25,33.2,96.6
10,10X368,In-Tech Academy ,2016-17,141,171,47.5,52.5,3.9,8.9,81.5,1.5,4.2,19.2,16.2,91.1
10,10X390,M.S. 390 ,2016-17,187,150,45.8,54.2,1.1,12.8,85.4,0.2,0.4,27.6,27.4,97.7
10,10X391,The Angelo Patri Middle School ,2016-17,181,181,42.8,57.2,1.3,21.6,76.1,0.4,0.6,31.4,37.9,84.5
10,10X447,Creston Academy ,2016-17,164,162,50,50,2.1,10.5,86.1,0.2,1.1,20.9,34.2,91.8
20,20K030,P.S./I.S. 30 Mary White Ovington ,2016-17,124,132,48,52,22.1,1.4,31.4,0.6,44.5,18.8,24.7,80.9
20,20K062,J.H.S. 062 Ditmas ,2016-17,375,415,48.9,51.1,32.6,21.7,31.1,0.8,13.8,17.2,22.1,86.9
20,20K104,P.S./I.S. 104 The Fort Hamilton School ,2016-17,168,166,45.2,54.8,22.1,3.8,25.4,3,45.8,13.6,9.5,57.9
20,20K163,P.S. 163 Bath Beach ,2016-17,90,72,47.1,52.9,27.5,1.1,33.9,0.7,36.8,20.8,19.5,79.5
20,20K180,The SEEALL Academy ,2016-17,177,170,45.3,54.7,45.1,0.9,27.5,1.1,25.3,16.4,27.2,89
20,20K187,The Christa McAuliffe School\I.S. 187 ,2016-17,276,343,51.8,48.2,66.7,0.6,6.4,0.2,26.1,9.9,2.9,63.2
20,20K192,P.S. 192 - The Magnet School for Math and Science Inquiry ,2016-17,67,49,51.9,48.1,21.1,1.6,48.9,0.6,27.8,21.6,33,63.9
20,20K201,J.H.S. 201 The Dyker Heights ,2016-17,512,496,46.4,53.6,48.9,0.4,15.8,0.7,34.2,13.4,9.4,75
20,20K220,J.H.S. 220 John J. Pershing ,2016-17,512,488,48.3,51.7,51.5,1.2,41.3,0,6,14.3,31.7,64.8
20,20K223,J.H.S. 223 The Montauk ,2016-17,327,334,47.1,52.9,62.7,2.3,25.1,0.4,9.5,13.3,32.4,95.8
20,20K227,J.H.S. 227 Edward B. Shallow ,2016-17,442,450,46.8,53.2,60,0.6,24.3,0.3,14.9,13.3,28.5,85.2
20,20K229,P.S. 229 Dyker ,2016-17,130,101,49.4,50.6,56.9,1.5,11.8,0.7,29.1,14.5,12.4,55.5
20,20K259,J.H.S. 259 William Mckinley ,2016-17,575,568,46.5,53.5,43.8,1.5,20.5,0.4,33.8,11.4,11.9,74.1
20,20K609,Urban Assembly School for Criminal Justice ,2016-17,70,69,100,0,47,18.3,19,2.2,13.6,14.9,14.7,93.9
20,20K686,Brooklyn School of Inquiry ,2016-17,87,62,50.3,49.7,18.5,5,4.1,2.9,69.6,6.8,8.4,21.4
24,24Q005,I.S. 5 - The Walter Crowley Intermediate School ,2016-17,627,601,48.7,51.3,44.4,1.4,51.2,0.7,2.3,16,16.2,58.2
24,24Q049,P.S. 049 Dorothy Bonawit Kole ,2016-17,135,133,47.2,52.8,17,0.4,25.8,1,55.8,16.1,6.6,46.4
24,24Q061,I.S. 061 Leonardo Da Vinci ,2016-17,686,743,47.2,52.8,6.3,2.9,88.7,0.2,1.8,18.9,30.6,95.2
24,24Q073,I.S. 73 - The Frank Sansivieri Intermediate School ,2016-17,789,726,44.4,55.6,27.7,1,58,0.6,12.6,18.6,16.6,51.7
24,24Q077,I.S. 077 ,2016-17,339,323,49.1,50.9,9,2.5,79.5,0.2,8.7,27.6,22,88.4
24,24Q087,P.S./I.S. 087 Middle Village ,2016-17,72,45,47.8,52.2,4.6,1.7,50.7,1.5,41.6,25.7,7.1,62.2
24,24Q093,I.S. 093 Ridgewood ,2016-17,389,398,49.9,50.1,10.5,1.4,69.7,0.5,17.9,21.9,16.5,75.1
24,24Q102,P.S. 102 Bayview ,2016-17,144,113,49.9,50.1,60.2,2.5,33,0.9,3.3,12.5,14.1,86
24,24Q113,P.S./I.S. 113 Anthony J. Pranzo ,2016-17,135,116,49.1,50.9,5.3,1,40.3,1.1,52.4,15.6,4.4,62.4
24,24Q119,I.S. 119 The Glendale ,2016-17,221,229,50.5,49.5,27.1,1.7,30.6,1.1,39.6,9.1,3.9,62.7
24,24Q125,I.S. 125 Thom J. McCann Woodside ,2016-17,529,581,46.2,53.8,40.8,1.7,51.9,0.8,4.9,16.8,16.5,50.7
24,24Q128,"P.S. 128 The Lorraine Tuzzo, Juniper Valley Elementary School ",2016-17,115,98,51.4,48.6,3.4,0.5,19.4,0.5,76.2,14.3,3.9,33.7
24,24Q311,Corona Arts & Sciences Academy ,2016-17,121,120,47.9,52.1,2.2,0.9,96.3,0,0.6,16,21.6,97.4
24,24Q560,"Robert F. Wagner, Jr. Secondary School for Arts and Technology ",2016-17,54,32,47.2,52.8,22.5,4.7,58.9,1.1,12.8,15,4.7,78.7
31,31R002,I.S. R002 George L. Egbert ,2016-17,286,285,50.1,49.9,10.1,5.7,28.8,1.7,53.6,25.4,6,66.1
31,31R007,I.S. 007 Elias Bernstein ,2016-17,389,399,51.1,48.9,4.7,0.4,7.2,1.2,86.4,16.6,0.9,34.8
31,31R024,I.S. 024 Myra S. Barnes ,2016-17,387,458,49,51,3.9,1.5,13.8,0.8,80,24.6,2.1,39.4
31,31R027,I.S. 027 Anning S. Prall ,2016-17,325,358,50.1,49.9,10,24,39.8,1,25.2,22.4,5.6,73.2
31,31R028,The Eagle Academy for Young Men of Staten Island ,2016-17,66,59,0,100,7.8,51,31.3,2.1,7.8,30.7,6.8,71.4
31,31R034,I.S. 034 Tottenville ,2016-17,383,389,49.6,50.4,3.7,0.4,10.6,0.6,84.8,27.4,1.9,33.4
31,31R048,P.S. 048 William G. Wilcox ,2016-17,120,96,49.7,50.3,18.7,4.3,17,1.7,58.3,19.6,6.7,42.8
31,31R049,I.S. 49 Berta A. Dreyfus ,2016-17,254,259,52.9,47.1,9.8,32.9,45,1.2,11,34.3,11.5,84.4
31,31R051,I.S. 051 Edwin Markham ,2016-17,437,400,50,50,6.4,23.8,42.7,1.3,25.8,29.3,8.3,76.4
31,31R061,I.S. 061 William A Morris ,2016-17,331,399,53.6,46.4,4.1,33.9,41.6,2.2,18.2,29.3,9.9,76.5
31,31R063,Marsh Avenue School for Expeditionary Learning ,2016-17,159,140,55.9,44.1,8.9,6.7,22.5,1.8,60.1,21.6,0.2,43.9
31,31R072,I.S. 072 Rocco Laurie ,2016-17,449,442,44.7,55.3,22.2,4.5,25.6,1.2,46.5,23.3,4.9,62.2
31,31R075,I.S. 075 Frank D. Paulo ,2016-17,420,506,47.8,52.2,9,1.5,11.4,0.9,77.1,23.2,1.5,33.6
31,31R080,The Michael J. Petrides School ,2016-17,97,91,47.9,52.1,8.7,21,22.6,3,44.7,27.7,1.6,50.7
31,31R861,Staten Island School of Civic Leadership ,2016-17,99,98,49.6,50.4,9.6,21.7,44,4.8,19.9,25.7,3.9,78.3
2,02M104,J.H.S. 104 Simon Baruch ,2015-16,401,346,43.9,56.1,39.6,8.1,21.1,3.1,28,17.9,4.7,55.8
2,02M114,East Side Middle School ,2015-16,142,150,52.2,47.8,15,2.9,9.1,7.3,65.8,14.5,0,9.3
2,02M126,Manhattan Academy of Technology/Jacob Riis ,2015-16,109,109,47.8,52.2,58.6,11.1,20.7,2,7.6,18.6,17.1,80.1
2,02M131,Sun Yat Sen Middle School ,2015-16,166,143,44,56,77.1,8.1,14.3,0,0.5,27.4,34.5,95.5
2,02M167,J.H.S. 167 Robert F. Wagner ,2015-16,423,485,47.2,52.8,27.7,8.3,18.7,3.4,41.8,18.7,3.9,44.2
2,02M177,Yorkville East Middle School ,2015-16,58,0,45.1,54.9,11.3,10.6,29.6,6.3,42.3,29.6,1.4,37.3
2,02M217,P.S./I.S. 217 Roosevelt Island ,2015-16,24,17,48.2,51.8,29.1,15.7,14.3,4.6,36.3,13.1,7.3,36.1
2,02M225,Ella Baker School ,2015-16,23,27,51.9,48.1,3.6,18.5,37,5.7,35.2,22.1,3,40
2,02M255,M.S. 255 Salk School of Science ,2015-16,121,124,61.2,38.8,18.7,3.2,9.4,6.1,62.6,13.9,0,11.2
2,02M260,The Clinton School ,2015-16,92,98,72.3,27.7,13.8,5.9,10.1,4.8,65.4,17.6,0.8,14.6
2,02M276,Battery Park City School ,2015-16,91,65,47.9,52.1,20.5,4.4,10.9,7.9,56.3,16.5,2.2,7.1
2,02M289,Hudson River Middle School ,2015-16,100,90,54.7,45.3,38.4,8.3,12.8,2.4,38.1,19.7,1,41.9
2,02M312,New York City Lab Middle School for Collaborative Studies ,2015-16,177,184,49.2,50.8,46.8,2.4,7.4,9.1,34.3,15.2,0.7,28.9
2,02M347,The 47 American Sign Language & English Lower School ,2015-16,6,11,49.2,50.8,3.7,22.2,46,4.8,23.3,58.7,6.3,67.2
2,02M397,Spruce Street School ,2015-16,0,0,49,51,13.8,2.7,12.4,12.9,58.2,14.9,2,11.1
2,02M422,Quest to Learn ,2015-16,87,117,31.7,68.3,10.9,19.2,35,5.7,29.2,32.5,2.9,46.2
2,02M407,Institute for Collaborative Education ,2015-16,64,73,49,51,6.8,15.7,15.9,6.8,54.8,7.4,0,18.2
2,02M408,Professional Performing Arts School ,2015-16,29,32,74.5,25.5,4.8,22.7,20.1,8.8,43.6,12.3,0.2,34.4
2,02M413,School of the Future Middle and High School ,2015-16,94,102,49.9,50.1,15.1,11.1,28.9,8.2,36.7,18.3,0.8,36.1
2,02M442,"Ballet Tech, NYC Public School for Dance ",2015-16,20,23,53.3,46.7,36.2,25,15.8,3.9,19.1,3.3,0,55.9
2,02M896,Lower Manhattan Community Middle School ,2015-16,129,128,51,49,40.2,9.3,19.8,3.4,27.3,27.8,7.7,55.7
2,02M933,City Knoll Middle School ,2015-16,82,0,58,42,9.6,19.7,47.1,3.8,19.7,28.7,7.6,68.2
10,10X003,P.S. 3 Raul Julia Micro Society ,2015-16,26,43,55.5,44.5,1.7,29.1,68.3,0.6,0.3,21.5,10.2,96.8
10,10X015,P.S. X015 Institute for Environmental Learning ,2015-16,67,54,49.9,50.1,1,13.5,84.7,0.6,0.2,22.1,7,72
10,10X020,"PS/MS 20 P.O.George J. Werdann, III ",2015-16,83,91,47.6,52.4,9.1,8.2,73.4,1.7,7.5,27.1,18.5,93.5
10,10X037,P.S. X037 - Multiple Intelligence School ,2015-16,72,61,46.3,53.7,1.7,22.6,72.3,1.4,2,25.2,15.2,75.5
10,10X045,Thomas C. Giordano Middle School 45 ,2015-16,221,256,52.1,47.9,1.2,16.2,77.8,0.4,4.4,21.2,16.8,97
10,10X080,J.H.S. 080 The Mosholu Parkway ,2015-16,226,210,48,52,13.1,13.4,67.3,0.9,5.3,23.4,31.1,89.2
10,10X095,P.S. 095 Sheila Mencher ,2015-16,154,143,47.7,52.3,7,17.4,70.1,1.5,4.1,19.7,18.7,72.6
10,10X118,J.H.S. 118 William W. Niles ,2015-16,377,390,50.4,49.6,14.5,21.2,60.3,0.6,3.4,19.9,11.3,92.2
10,10X141,Riverdale / Kingsbridge Academy ,2015-16,252,225,47.9,52.1,7.3,10,56.2,0.6,25.8,20.1,6.8,54
10,10X206,I.S. 206 Ann Mersereau ,2015-16,77,103,47.3,52.7,1.3,19,78.5,0,1.3,31.6,23.6,82.7
10,10X225,Theatre Arts Production Company School ,2015-16,73,68,67.5,32.5,1.3,27,68.3,1.7,1.7,24.6,5.6,71.7
10,10X228,Jonas Bronck Academy ,2015-16,88,87,53.8,46.2,4.9,18.2,72.3,2.3,2.3,22,4.2,89
10,10X243,West Bronx Academy for the Future ,2015-16,95,79,45.1,54.9,1.9,20,75.1,0.7,2.4,26.6,10.9,96.2
10,10X244,The New School for Leadership and Journalism ,2015-16,276,327,48.7,51.3,2.3,10.8,82.9,1.2,2.8,25.9,20.5,95.2
10,10X254,I.S. 254 ,2015-16,190,150,44.6,55.4,2.7,17.5,77.8,0.8,1.1,28.8,34.2,79.5
10,10X279,"P.S. 279 Captain Manuel Rivera, Jr. ",2015-16,117,121,48.9,51.1,3,17.1,78.7,0.9,0.4,21,28.9,94
10,10X280,P.S./M.S. 280 Mosholu Parkway ,2015-16,100,93,46.5,53.5,11.3,9.1,74.3,0.3,5,28.6,12.1,94.7
10,10X308,Bronx Dance Academy School ,2015-16,96,95,76.9,23.1,1.8,20.6,76.5,0,1.1,19.1,6.1,86.6
10,10X315,P.S. 315 Lab School ,2015-16,27,50,48.2,51.8,0.7,15.7,81.8,1.1,0.7,19.6,15.7,96.1
10,10X331,The Bronx School of Young Leaders ,2015-16,145,131,47.5,52.5,0.7,23.6,74.4,0.2,1,21.9,17.7,79.6
10,10X342,International School for Liberal Arts ,2015-16,63,54,47.3,52.7,0,0.2,99.5,0,0.4,10.9,62.8,96.2
10,10X363,Academy For Personal Leadership And Excellence ,2015-16,156,153,46.2,53.8,2.2,11.9,84.6,0.2,1.1,24,31.9,95.8
10,10X368,In-Tech Academy ,2015-16,162,148,49.3,50.7,3.5,9.8,81.6,1,4,18.7,14.8,91.4
10,10X390,M.S. 390 ,2015-16,149,112,46.2,53.8,0.9,12.9,85.1,0.2,0.9,25.2,25.6,91.2
10,10X391,The Angelo Patri Middle School ,2015-16,170,156,45.3,54.7,1.4,24.6,71.9,0.8,1.4,28.9,36.4,82.4
10,10X447,Creston Academy ,2015-16,171,164,53.7,46.3,2.5,12.4,84.1,0.2,0.8,21,31.2,91.8
20,20K030,P.S./I.S. 30 Mary White Ovington ,2015-16,133,153,53.1,46.9,20.3,1.5,29.8,0.6,47.8,17.3,26.4,79.3
20,20K062,J.H.S. 062 Ditmas ,2015-16,397,432,50.8,49.2,31.4,23.9,31.1,0.4,13.2,18.3,22.3,85.5
20,20K104,P.S./I.S. 104 The Fort Hamilton School ,2015-16,159,161,46.9,53.1,21.8,3.4,24.5,3.3,47,13.8,9.4,61.5
20,20K163,P.S. 163 Bath Beach ,2015-16,70,68,46.3,53.7,28.8,1,32.1,0.6,37.5,22.7,17,81.9
20,20K180,The SEEALL Academy ,2015-16,172,156,44.7,55.3,43,1.2,27.9,1.1,26.9,15.6,23.3,87.8
20,20K187,The Christa McAuliffe School\I.S. 187 ,2015-16,339,369,50.9,49.1,69.3,0.5,6.2,0.1,23.9,8.9,2.4,61.8
20,20K192,P.S. 192 - The Magnet School for Math and Science Inquiry ,2015-16,50,61,51.4,48.6,20.2,1.7,51.7,0,26.3,23.3,29.8,66.7
20,20K201,J.H.S. 201 The Dyker Heights ,2015-16,486,478,46.5,53.5,45.5,0.4,14,0.7,39.3,13.2,8.4,72.9
20,20K220,J.H.S. 220 John J. Pershing ,2015-16,485,451,47.9,52.1,48.8,1,43.8,0.1,6.3,14.6,32.7,69.5
20,20K223,J.H.S. 223 The Montauk ,2015-16,331,337,45.8,54.2,61,3.9,27.5,0.2,7.4,13,31.4,95.3
20,20K227,J.H.S. 227 Edward B. Shallow ,2015-16,419,440,47.5,52.5,59.6,0.5,24.3,0.2,15.5,13.1,26,86.8
20,20K229,P.S. 229 Dyker ,2015-16,97,92,48.5,51.5,55,1.3,11.3,0.8,31.5,15.1,9.4,53.5
20,20K259,J.H.S. 259 William Mckinley ,2015-16,561,491,47.2,52.8,44.7,1.3,21.9,0.2,32,11.6,11.3,74.5
20,20K609,Urban Assembly School for Criminal Justice ,2015-16,76,56,100,0,46.5,21,19.5,0.8,12.3,15.3,10.2,91.1
20,20K686,Brooklyn School of Inquiry ,2015-16,59,0,51.6,48.4,17.7,5,4.6,2.1,70.6,6.5,6.1,21.3
24,24Q005,I.S. 5 - The Walter Crowley Intermediate School ,2015-16,593,589,49.8,50.2,43.8,1.8,51.8,0.2,2.4,14.7,15.8,61.6
24,24Q077,I.S. 077 ,2015-16,323,347,47.7,52.3,10,2.7,76.2,0.2,10.9,27.1,22.4,86.8
24,24Q049,P.S. 049 Dorothy Bonawit Kole ,2015-16,136,111,46.9,53.1,16.2,0.4,25.5,0.9,57.1,14.5,6.7,47
24,24Q061,I.S. 061 Leonardo Da Vinci ,2015-16,733,784,47.9,52.1,6.4,2.9,89.3,0.1,1.2,20.3,27.8,95.1
24,24Q073,I.S. 73 - The Frank Sansivieri Intermediate School ,2015-16,710,671,45.2,54.8,26.6,1.3,58.7,0.5,12.9,16.7,14.6,54.6
24,24Q087,P.S./I.S. 087 Middle Village ,2015-16,45,65,46.7,53.3,2.9,1,49.9,0.7,45.5,25.8,7.6,63.6
24,24Q093,I.S. 093 Ridgewood ,2015-16,407,370,48.3,51.7,9.8,1.1,71.1,0.6,17.3,20.8,15.3,92.9
24,24Q102,P.S. 102 Bayview ,2015-16,113,119,48.9,51.1,59.7,3.4,32.6,0.9,3.3,13.5,12.7,86.1
24,24Q113,P.S./I.S. 113 Anthony J. Pranzo ,2015-16,115,112,50,50,5.5,1.1,40.2,1.3,52,14.6,4.3,63.6
24,24Q119,I.S. 119 The Glendale ,2015-16,234,245,49.6,50.4,25.3,1.2,30.4,0.8,42.3,9.7,4.3,64.5
24,24Q125,I.S. 125 Thom J. McCann Woodside ,2015-16,573,549,47.3,52.7,40.3,1.4,52.8,0.3,5.1,17.6,14.6,54.1
24,24Q128,"P.S. 128 The Lorraine Tuzzo, Juniper Valley Elementary School ",2015-16,99,91,51.9,48.1,3.1,0.6,20.3,0.5,75.5,13.2,3.9,34.6
24,24Q311,Corona Arts & Sciences Academy ,2015-16,120,91,40.3,59.7,4.3,0.7,94.1,0,1,14.4,18.4,97
24,24Q560,"Robert F. Wagner, Jr. Secondary School for Arts and Technology ",2015-16,27,40,44,56,21.7,4.8,60.7,0.8,12,11.9,4,80.4
31,31R027,I.S. 027 Anning S. Prall ,2015-16,342,377,48,52,9.8,23.5,39.9,1.8,25,23.3,5.3,67.6
31,31R002,I.S. R002 George L. Egbert ,2015-16,274,253,49.1,50.9,10.8,5.8,28.6,1,53.9,25.1,5.3,67.2
31,31R007,I.S. 007 Elias Bernstein ,2015-16,399,407,51.3,48.7,4.4,0.8,6.6,0.6,87.6,16.3,0.8,34.6
31,31R024,I.S. 024 Myra S. Barnes ,2015-16,454,451,47.3,52.7,3.3,1.2,11.6,0.9,83,22.6,2.1,34.1
31,31R049,I.S. 49 Berta A. Dreyfus ,2015-16,248,273,52.4,47.6,11,35,41,0.6,12.4,35,10.1,86.5
31,31R028,The Eagle Academy for Young Men of Staten Island ,2015-16,59,0,0,100,8.7,52,30.7,1.6,7.1,38.6,3.1,78.7
31,31R034,I.S. 034 Tottenville ,2015-16,390,385,49,51,3.7,0.3,10.8,0.7,84.6,26.2,1.3,33.3
31,31R048,P.S. 048 William G. Wilcox ,2015-16,99,93,49.1,50.9,17.2,3.9,17.7,1.7,59.5,19.3,5.9,42.4
31,31R051,I.S. 051 Edwin Markham ,2015-16,381,465,47.9,52.1,5.9,21.8,43.9,1.7,26.7,30.8,7.6,75.1
31,31R061,I.S. 061 William A Morris ,2015-16,396,381,54.7,45.3,4.7,33.5,44.2,1.2,16.5,28.2,8.9,77.5
31,31R063,Marsh Avenue School for Expeditionary Learning ,2015-16,139,137,54.4,45.6,9.9,6.8,20.1,1.6,61.6,19.2,0.2,41.3
31,31R072,I.S. 072 Rocco Laurie ,2015-16,427,433,45.3,54.7,20.1,5,24.1,0.9,49.9,22.1,4.2,63.6
31,31R075,I.S. 075 Frank D. Paulo ,2015-16,506,467,46.1,53.9,8.8,1.4,10.1,0.6,79.1,21.9,0.9,35
31,31R080,The Michael J. Petrides School ,2015-16,91,92,47.5,52.5,8.3,20.2,21.5,1.9,48.1,25.9,1.2,49
31,31R861,Staten Island School of Civic Leadership ,2015-16,100,97,49.3,50.7,12.1,21.4,41.2,2.8,22.5,25.1,3.7,80.2
2,02M104,J.H.S. 104 Simon Baruch,2018-19,365,377,48.40%,51.60%,34.90%,7.50%,17.60%,4.10%,34.90%,16.20%,4.80%,43.40%
2,02M104,J.H.S. 104 Simon Baruch,2019-20,364,366,46.50%,53.50%,35.70%,7.20%,18.80%,4.90%,32.20%,16.30%,2.10%,45.80%
2,02M104,J.H.S. 104 Simon Baruch,2020-21,348,349,47.20%,52.80%,39.30%,6.40%,16.80%,4.00%,32.20%,16.40%,4.10%,44.20%
2,02M104,J.H.S. 104 Simon Baruch,2021-22,307,334,48.00%,52.00%,37.50%,6.00%,17.80%,3.90%,33.40%,17.00%,3.10%,41.40%
2,02M114,East Side Middle School,2018-19,148,152,57.40%,42.60%,14.00%,2.90%,11.80%,5.10%,64.10%,16.90%,0.00%,16.20%
2,02M114,East Side Middle School,2019-20,151,151,57.10%,42.90%,16.00%,3.30%,11.40%,5.00%,61.30%,16.60%,0.20%,13.80%
2,02M114,East Side Middle School,2020-21,150,143,55.90%,44.10%,19.80%,3.70%,11.50%,4.80%,57.50%,18.90%,0.20%,16.80%
2,02M114,East Side Middle School,2021-22,131,140,54.00%,46.00%,20.10%,5.50%,15.60%,4.30%,52.30%,20.10%,0.00%,20.40%
2,02M126,P.S. 126 Jacob August Riis,2018-19,114,108,47.50%,52.50%,64.30%,8.70%,17.10%,2.90%,6.60%,22.10%,14.70%,77.00%
2,02M126,P.S. 126 Jacob August Riis,2019-20,113,111,49.20%,50.80%,65.80%,8.40%,17.50%,2.70%,5.30%,20.90%,12.50%,75.40%
2,02M126,P.S. 126 Jacob August Riis,2020-21,116,113,47.30%,52.70%,64.40%,9.20%,17.10%,3.50%,5.80%,22.50%,12.40%,76.20%
2,02M126,P.S. 126 Jacob August Riis,2021-22,104,111,47.20%,52.80%,61.30%,10.20%,19.50%,3.70%,5.00%,21.20%,11.50%,78.70%
2,02M131,M.S. 131,2018-19,134,166,39.70%,60.30%,79.80%,6.50%,11.20%,0.50%,1.70%,25.70%,25.20%,89.50%
2,02M131,M.S. 131,2019-20,105,140,40.80%,59.20%,73.40%,8.60%,15.10%,0.70%,2.30%,23.70%,23.00%,89.10%
2,02M131,M.S. 131,2020-21,70,109,44.40%,55.60%,61.10%,14.30%,21.40%,0.40%,2.80%,30.60%,27.00%,87.30%
2,02M131,M.S. 131,2021-22,80,70,46.90%,53.10%,61.10%,14.20%,20.80%,0.00%,4.00%,33.20%,29.20%,92.90%
2,02M167,J.H.S. 167 Robert F. Wagner,2018-19,448,467,45.20%,54.80%,18.20%,6.80%,16.40%,4.10%,53.20%,17.80%,3.00%,31.00%
2,02M167,J.H.S. 167 Robert F. Wagner,2019-20,471,448,45.90%,54.10%,18.50%,7.30%,16.00%,3.90%,53.40%,18.00%,3.40%,29.70%
2,02M167,J.H.S. 167 Robert F. Wagner,2020-21,394,429,46.70%,53.30%,18.50%,8.00%,16.40%,4.20%,51.40%,16.20%,4.20%,34.40%
2,02M167,J.H.S. 167 Robert F. Wagner,2021-22,389,367,49.20%,50.80%,20.00%,7.00%,15.70%,4.80%,50.70%,16.30%,3.50%,29.70%
2,02M177,Yorkville East Middle School,2018-19,76,76,51.70%,48.30%,6.50%,8.70%,23.00%,2.20%,57.80%,26.10%,1.30%,30.00%
2,02M177,Yorkville East Middle School,2019-20,76,75,49.80%,50.20%,7.50%,6.20%,25.60%,3.10%,55.10%,28.20%,1.80%,24.20%
2,02M177,Yorkville East Middle School,2020-21,68,74,47.50%,52.50%,10.40%,8.30%,18.80%,3.80%,55.80%,26.70%,2.10%,27.50%
2,02M177,Yorkville East Middle School,2021-22,85,57,46.80%,53.20%,9.50%,9.00%,19.40%,4.10%,53.20%,26.60%,2.30%,29.30%
2,02M217,P.S./I.S. 217 Roosevelt Island,2018-19,31,28,51.40%,48.60%,29.00%,13.50%,14.30%,6.50%,36.30%,14.70%,14.10%,33.40%
2,02M217,P.S./I.S. 217 Roosevelt Island,2019-20,27,30,52.70%,47.30%,31.70%,11.40%,14.80%,6.30%,35.50%,11.70%,15.20%,27.20%
2,02M217,P.S./I.S. 217 Roosevelt Island,2020-21,31,25,53.90%,46.10%,31.90%,9.50%,15.80%,6.00%,36.50%,13.10%,15.50%,29.20%
2,02M217,P.S./I.S. 217 Roosevelt Island,2021-22,30,32,51.20%,48.80%,33.40%,9.00%,16.30%,4.90%,36.00%,13.40%,14.70%,28.30%
2,02M225,Ella Baker School,2018-19,11,25,48.10%,51.90%,5.90%,15.10%,30.60%,6.20%,39.20%,22.80%,1.50%,29.60%
2,02M225,Ella Baker School,2019-20,30,11,45.80%,54.20%,7.80%,16.00%,29.50%,6.90%,36.70%,21.70%,1.20%,31.90%
2,02M225,Ella Baker School,2020-21,24,28,49.60%,50.40%,9.30%,14.30%,29.20%,7.30%,36.70%,23.00%,1.20%,26.50%
2,02M225,Ella Baker School,2021-22,22,26,49.50%,50.50%,9.40%,15.00%,28.50%,8.20%,36.40%,21.60%,2.80%,34.50%
2,02M255,M.S. 255 Salk School of Science,2018-19,128,131,58.40%,41.60%,18.30%,2.00%,9.60%,7.90%,61.90%,15.50%,0.30%,14.70%
2,02M255,M.S. 255 Salk School of Science,2019-20,129,128,62.40%,37.60%,18.50%,1.00%,9.90%,7.80%,62.10%,15.70%,0.30%,12.30%
2,02M255,M.S. 255 Salk School of Science,2020-21,111,127,62.60%,37.40%,24.10%,0.80%,10.20%,7.80%,56.50%,18.00%,0.60%,15.50%
2,02M255,M.S. 255 Salk School of Science,2021-22,114,102,55.00%,45.00%,29.70%,1.80%,12.10%,6.80%,48.80%,20.30%,0.60%,22.60%
2,02M260,The Clinton School,2018-19,97,99,68.00%,32.00%,12.70%,4.00%,12.40%,3.70%,63.60%,16.50%,0.30%,17.20%
2,02M260,The Clinton School,2019-20,95,97,66.90%,33.10%,12.90%,3.00%,12.00%,4.10%,64.70%,16.60%,0.00%,17.10%
2,02M260,The Clinton School,2020-21,96,95,64.90%,35.10%,13.70%,3.40%,11.30%,5.30%,62.80%,18.30%,0.30%,15.50%
2,02M260,The Clinton School,2021-22,94,97,63.90%,36.10%,14.60%,2.70%,11.60%,5.90%,61.20%,18.00%,0.40%,15.90%
2,02M276,Battery Park City School,2018-19,94,91,47.30%,52.70%,20.30%,4.00%,13.70%,9.30%,52.70%,20.00%,3.20%,16.10%
2,02M276,Battery Park City School,2019-20,92,95,49.30%,50.70%,21.30%,3.20%,13.10%,9.70%,52.60%,17.20%,3.50%,16.70%
2,02M276,Battery Park City School,2020-21,97,90,49.10%,50.90%,22.80%,2.80%,11.50%,9.40%,53.50%,18.70%,3.70%,15.20%
2,02M276,Battery Park City School,2021-22,83,96,51.30%,48.70%,22.50%,3.30%,12.10%,9.10%,52.60%,19.20%,5.80%,14.10%
2,02M289,I.S. 289,2018-19,93,93,44.00%,56.00%,48.60%,4.20%,14.80%,1.80%,29.60%,22.90%,4.90%,52.80%
2,02M289,I.S. 289,2019-20,93,93,47.50%,52.50%,50.00%,4.00%,18.50%,1.40%,24.30%,21.00%,3.30%,48.90%
2,02M289,I.S. 289,2020-21,82,91,47.50%,52.50%,51.30%,5.30%,19.00%,2.30%,20.90%,22.80%,5.30%,55.50%
2,02M289,I.S. 289,2021-22,86,78,50.00%,50.00%,46.20%,5.50%,16.90%,3.80%,27.10%,22.50%,4.70%,48.70%
2,02M297,M.S. 297,2018-19,220,0,51.50%,48.50%,8.60%,9.40%,23.00%,3.70%,54.40%,23.00%,3.40%,29.20%
2,02M297,M.S. 297,2019-20,320,219,52.80%,47.20%,8.30%,9.20%,25.30%,3.90%,52.30%,21.90%,3.00%,32.10%
2,02M297,M.S. 297,2020-21,271,305,54.00%,46.00%,8.70%,11.70%,29.50%,4.30%,44.70%,22.20%,2.40%,42.30%
2,02M297,M.S. 297,2021-22,213,253,55.20%,44.80%,8.60%,13.10%,29.80%,5.80%,42.30%,20.80%,2.30%,45.10%
2,02M312,New York City Lab Middle School for Collaborative,2018-19,180,187,44.60%,55.40%,63.90%,1.20%,5.30%,4.40%,23.30%,14.40%,1.60%,35.20%
2,02M312,New York City Lab Middle School for Collaborative,2019-20,181,181,49.90%,50.10%,60.00%,1.70%,6.50%,5.50%,24.50%,12.40%,0.80%,34.50%
2,02M312,New York City Lab Middle School for Collaborative,2020-21,218,182,48.80%,51.20%,55.20%,1.70%,7.00%,6.80%,27.50%,14.30%,1.00%,26.70%
2,02M312,New York City Lab Middle School for Collaborative,2021-22,150,206,47.60%,52.40%,47.80%,2.40%,10.50%,7.50%,30.70%,18.70%,2.20%,29.60%
2,02M347,The 47 American Sign Language & English Lower Scho,2018-19,10,21,51.80%,48.20%,3.60%,21.20%,44.00%,5.20%,25.90%,50.80%,19.70%,68.90%
2,02M347,The 47 American Sign Language & English Lower Scho,2019-20,14,11,49.70%,50.30%,4.40%,21.50%,44.80%,2.20%,26.00%,52.50%,15.50%,65.70%
2,02M347,The 47 American Sign Language & English Lower Scho,2020-21,12,15,52.10%,47.90%,3.10%,21.40%,47.90%,4.70%,21.90%,52.10%,14.10%,67.20%
2,02M347,The 47 American Sign Language & English Lower Scho,2021-22,16,13,48.90%,51.10%,5.50%,20.90%,48.40%,4.90%,19.20%,50.50%,16.50%,72.50%
2,02M397,Spruce Street School,2018-19,61,61,48.90%,51.10%,16.40%,3.90%,15.90%,9.10%,53.20%,22.00%,2.50%,17.70%
2,02M397,Spruce Street School,2019-20,62,60,46.20%,53.80%,16.20%,3.40%,15.50%,8.20%,54.70%,22.50%,2.70%,19.10%
2,02M397,Spruce Street School,2020-21,59,57,49.80%,50.20%,19.50%,3.90%,17.10%,9.60%,48.40%,22.60%,3.00%,20.70%
2,02M397,Spruce Street School,2021-22,51,53,52.70%,47.30%,20.90%,4.70%,15.70%,11.00%,46.90%,20.40%,2.70%,22.90%
2,02M407,Institute for Collaborative Education,2018-19,71,72,49.80%,50.20%,7.00%,22.20%,19.10%,3.70%,47.50%,16.50%,0.40%,28.80%
2,02M407,Institute for Collaborative Education,2019-20,68,76,49.50%,50.50%,5.90%,23.10%,21.10%,4.70%,44.00%,19.60%,0.00%,32.70%
2,02M407,Institute for Collaborative Education,2020-21,69,72,50.80%,49.20%,4.80%,22.40%,22.80%,4.40%,44.20%,21.40%,0.20%,30.80%
2,02M407,Institute for Collaborative Education,2021-22,72,73,49.10%,50.90%,7.30%,22.50%,21.30%,4.70%,42.40%,21.70%,0.40%,29.20%
2,02M408,Professional Performing Arts High School,2018-19,57,35,72.00%,28.00%,7.00%,20.80%,20.40%,6.30%,45.20%,15.20%,0.20%,36.90%
2,02M408,Professional Performing Arts High School,2019-20,30,53,73.00%,27.00%,6.20%,19.90%,21.70%,6.40%,44.70%,16.80%,0.30%,31.50%
2,02M408,Professional Performing Arts High School,2020-21,33,31,71.80%,28.20%,6.60%,19.20%,22.60%,5.50%,43.00%,20.20%,0.50%,34.50%
2,02M408,Professional Performing Arts High School,2021-22,30,30,74.50%,25.50%,6.90%,18.50%,23.40%,4.50%,41.30%,20.10%,0.50%,32.10%
2,02M413,School of the Future High School,2018-19,97,105,48.70%,51.30%,20.00%,11.20%,24.20%,9.50%,34.70%,21.60%,0.70%,43.90%
2,02M413,School of the Future High School,2019-20,96,94,48.00%,52.00%,19.50%,11.40%,22.50%,8.60%,37.50%,22.00%,1.10%,43.10%
2,02M413,School of the Future High School,2020-21,92,93,50.30%,49.70%,18.60%,11.60%,20.30%,7.90%,41.00%,23.80%,1.90%,39.00%
2,02M413,School of the Future High School,2021-22,101,77,48.40%,51.60%,18.40%,12.00%,18.60%,7.20%,43.10%,24.30%,2.20%,38.40%
2,02M422,Quest to Learn,2018-19,52,75,37.80%,62.20%,13.00%,21.70%,43.10%,2.90%,18.50%,28.30%,4.20%,72.80%
2,02M422,Quest to Learn,2019-20,49,60,42.70%,57.30%,11.40%,25.60%,44.40%,2.90%,15.00%,28.10%,3.30%,71.80%
2,02M422,Quest to Learn,2020-21,89,50,42.20%,57.80%,9.70%,27.30%,42.20%,3.40%,16.30%,27.90%,3.00%,69.30%
2,02M422,Quest to Learn,2021-22,76,81,39.50%,60.50%,9.50%,25.30%,42.90%,3.30%,17.60%,32.30%,3.00%,66.80%
2,02M442,"Ballet Tech, NYC Public School for Dance",2018-19,20,22,52.10%,47.90%,27.50%,17.60%,24.60%,7.70%,21.80%,4.90%,2.80%,44.40%
2,02M442,"Ballet Tech, NYC Public School for Dance",2019-20,26,19,57.40%,42.60%,27.00%,17.70%,20.60%,11.30%,22.00%,6.40%,3.50%,48.20%
2,02M442,"Ballet Tech, NYC Public School for Dance",2020-21,23,26,57.00%,43.00%,21.10%,16.90%,21.10%,12.70%,26.10%,7.00%,3.50%,47.20%
2,02M442,"Ballet Tech, NYC Public School for Dance",2021-22,18,22,65.60%,34.40%,21.10%,16.40%,18.00%,10.20%,32.80%,5.50%,3.10%,44.50%
2,02M896,Lower Manhattan Community Middle School,2018-19,127,125,51.70%,48.30%,43.10%,10.10%,15.80%,3.60%,27.00%,29.40%,6.00%,55.30%
2,02M896,Lower Manhattan Community Middle School,2019-20,129,122,51.60%,48.40%,43.70%,7.90%,15.10%,4.00%,28.80%,30.20%,4.50%,48.70%
2,02M896,Lower Manhattan Community Middle School,2020-21,126,130,51.90%,48.10%,41.30%,6.90%,14.60%,5.00%,31.20%,26.70%,5.30%,53.20%
2,02M896,Lower Manhattan Community Middle School,2021-22,112,121,54.00%,46.00%,31.90%,10.30%,17.00%,6.00%,33.60%,27.00%,4.00%,45.40%
2,02M933,City Knoll Middle School,2018-19,57,84,45.10%,54.90%,8.00%,25.10%,57.10%,1.10%,5.70%,33.10%,11.40%,82.30%
2,02M933,City Knoll Middle School,2019-20,36,61,42.90%,57.10%,5.80%,25.30%,59.10%,0.00%,8.40%,30.50%,14.30%,78.60%
2,02M933,City Knoll Middle School,2020-21,59,40,44.20%,55.80%,3.90%,16.30%,66.70%,0.00%,12.40%,30.20%,16.30%,86.00%
2,02M933,City Knoll Middle School,2021-22,34,51,41.40%,58.60%,6.00%,20.70%,61.20%,0.00%,11.20%,37.10%,15.50%,86.20%
10,10X003,P.S. 3 Raul Julia Micro Society,2018-19,29,31,55.80%,44.20%,0.00%,28.30%,71.30%,0.00%,0.30%,21.80%,15.00%,99.9
10,10X003,P.S. 3 Raul Julia Micro Society,2019-20,40,28,55.00%,45.00%,0.30%,28.30%,70.80%,0.00%,0.60%,27.10%,15.50%,99.9
10,10X003,P.S. 3 Raul Julia Micro Society,2020-21,35,41,52.40%,47.60%,0.00%,25.30%,74.10%,0.00%,0.60%,29.20%,16.10%,99.9
10,10X003,P.S. 3 Raul Julia Micro Society,2021-22,35,31,50.30%,49.70%,0.30%,28.80%,69.90%,0.00%,0.60%,27.20%,15.50%,94.00%
10,10X015,P.S. X015 Institute for Environmental Learning,2018-19,59,55,54.90%,45.10%,1.50%,11.40%,86.10%,0.60%,0.00%,20.60%,11.40%,78.90%
10,10X015,P.S. X015 Institute for Environmental Learning,2019-20,67,58,55.30%,44.70%,1.40%,11.10%,85.80%,0.80%,0.00%,23.90%,17.50%,81.40%
10,10X015,P.S. X015 Institute for Environmental Learning,2020-21,63,63,54.60%,45.40%,1.70%,10.60%,86.00%,0.60%,0.00%,27.60%,20.10%,79.90%
10,10X015,P.S. X015 Institute for Environmental Learning,2021-22,58,55,54.50%,45.50%,1.00%,9.80%,86.50%,1.00%,0.50%,25.60%,22.60%,79.60%
10,10X020,"PS/MS 20 P.O.George J. Werdann, III",2018-19,128,116,47.10%,52.90%,8.30%,11.40%,73.50%,0.10%,5.10%,28.80%,25.40%,99.9
10,10X020,"PS/MS 20 P.O.George J. Werdann, III",2019-20,126,115,48.70%,51.30%,7.20%,10.40%,75.60%,0.20%,4.70%,27.20%,25.20%,93.10%
10,10X020,"PS/MS 20 P.O.George J. Werdann, III",2020-21,116,126,48.80%,51.20%,7.50%,10.70%,74.40%,0.20%,4.80%,26.40%,26.70%,95.00%
10,10X020,"PS/MS 20 P.O.George J. Werdann, III",2021-22,110,104,46.90%,53.10%,7.40%,11.70%,73.90%,0.30%,4.90%,24.20%,25.60%,94.80%
10,10X037,P.S. X037 - Multiple Intelligence School,2018-19,56,45,48.10%,51.90%,1.90%,21.10%,73.80%,0.30%,1.90%,28.90%,15.40%,86.80%
10,10X037,P.S. X037 - Multiple Intelligence School,2019-20,76,63,48.40%,51.60%,2.10%,18.70%,76.00%,0.30%,1.90%,27.20%,15.80%,89.90%
10,10X037,P.S. X037 - Multiple Intelligence School,2020-21,73,68,47.50%,52.50%,1.70%,17.30%,77.80%,0.30%,1.90%,27.20%,16.80%,88.70%
10,10X037,P.S. X037 - Multiple Intelligence School,2021-22,65,67,46.80%,53.20%,1.60%,17.70%,77.60%,0.40%,1.80%,27.60%,15.50%,87.10%
10,10X045,Thomas C. Giordano Middle School 45,2018-19,219,232,49.50%,50.50%,0.80%,16.50%,78.40%,0.60%,3.40%,18.90%,19.20%,99.9
10,10X045,Thomas C. Giordano Middle School 45,2019-20,252,228,50.40%,49.60%,1.00%,17.10%,78.00%,0.30%,3.00%,22.00%,18.10%,99.9
10,10X045,Thomas C. Giordano Middle School 45,2020-21,228,253,50.20%,49.80%,1.30%,17.70%,77.10%,0.40%,3.00%,21.60%,18.50%,92.20%
10,10X045,Thomas C. Giordano Middle School 45,2021-22,210,223,50.30%,49.70%,1.40%,16.50%,79.00%,0.40%,2.30%,22.20%,18.80%,94.00%
10,10X080,J.H.S. 080 The Mosholu Parkway,2018-19,222,226,45.40%,54.60%,11.20%,13.30%,70.60%,0.30%,3.70%,25.30%,31.60%,89.90%
10,10X080,J.H.S. 080 The Mosholu Parkway,2019-20,216,232,43.80%,56.20%,8.40%,15.90%,70.40%,0.30%,4.10%,27.00%,26.80%,89.10%
10,10X080,J.H.S. 080 The Mosholu Parkway,2020-21,199,217,44.10%,55.90%,7.20%,15.10%,72.80%,0.00%,3.90%,27.30%,32.70%,88.30%
10,10X080,J.H.S. 080 The Mosholu Parkway,2021-22,183,200,44.80%,55.20%,7.00%,14.40%,73.20%,0.20%,3.20%,23.50%,35.90%,89.50%
10,10X095,P.S. 095 Sheila Mencher,2018-19,167,162,50.70%,49.30%,5.70%,16.40%,71.50%,1.10%,4.40%,21.60%,16.20%,82.30%
10,10X095,P.S. 095 Sheila Mencher,2019-20,149,171,50.50%,49.50%,6.10%,16.40%,71.50%,1.00%,4.50%,20.90%,14.70%,85.30%
10,10X095,P.S. 095 Sheila Mencher,2020-21,135,147,47.90%,52.10%,5.60%,16.40%,70.90%,1.00%,5.30%,20.30%,14.80%,84.60%
10,10X095,P.S. 095 Sheila Mencher,2021-22,116,137,49.10%,50.90%,6.10%,15.50%,71.70%,1.20%,4.60%,21.90%,16.90%,85.60%
10,10X118,J.H.S. 118 William W. Niles,2018-19,378,358,50.70%,49.30%,15.70%,20.00%,60.70%,0.10%,2.30%,22.50%,12.40%,90.50%
10,10X118,J.H.S. 118 William W. Niles,2019-20,352,370,49.70%,50.30%,14.20%,18.50%,61.80%,0.10%,3.60%,21.30%,13.90%,91.60%
10,10X118,J.H.S. 118 William W. Niles,2020-21,308,340,48.20%,51.80%,15.20%,17.90%,60.50%,0.10%,4.60%,19.90%,13.50%,91.50%
10,10X118,J.H.S. 118 William W. Niles,2021-22,270,296,48.80%,51.20%,16.50%,18.20%,58.80%,0.00%,4.50%,19.40%,14.40%,93.00%
10,10X141,Riverdale / Kingsbridge Academy (Middle School / H,2018-19,272,240,49.00%,51.00%,7.40%,9.50%,55.50%,0.90%,26.10%,19.20%,7.00%,52.30%
10,10X141,Riverdale / Kingsbridge Academy (Middle School / H,2019-20,270,267,48.90%,51.10%,7.00%,9.10%,55.50%,1.30%,26.70%,16.90%,6.50%,53.60%
10,10X141,Riverdale / Kingsbridge Academy (Middle School / H,2020-21,253,267,49.30%,50.70%,6.30%,9.30%,56.00%,1.50%,26.30%,18.10%,7.60%,52.60%
10,10X141,Riverdale / Kingsbridge Academy (Middle School / H,2021-22,266,251,48.70%,51.30%,6.40%,9.50%,57.60%,1.30%,24.40%,19.70%,8.00%,52.60%
10,10X206,I.S. 206 Ann Mersereau,2018-19,68,66,49.80%,50.20%,2.60%,12.70%,83.00%,0.00%,0.90%,29.30%,35.40%,93.40%
10,10X206,I.S. 206 Ann Mersereau,2019-20,108,73,48.90%,51.10%,3.00%,12.20%,84.10%,0.00%,0.70%,28.50%,38.10%,99.9
10,10X206,I.S. 206 Ann Mersereau,2020-21,84,104,47.60%,52.40%,1.60%,11.40%,85.40%,0.00%,1.20%,28.00%,39.40%,92.90%
10,10X206,I.S. 206 Ann Mersereau,2021-22,63,83,46.60%,53.40%,0.50%,9.60%,88.50%,0.00%,1.00%,32.20%,41.30%,94.20%
10,10X225,Theatre Arts Production Company School,2018-19,65,61,65.70%,34.30%,2.20%,24.10%,71.10%,0.00%,1.70%,23.10%,7.60%,80.20%
10,10X225,Theatre Arts Production Company School,2019-20,61,61,63.70%,36.30%,2.30%,24.10%,72.10%,0.00%,1.30%,25.00%,9.00%,83.60%
10,10X225,Theatre Arts Production Company School,2020-21,68,53,65.70%,34.30%,1.80%,23.70%,72.30%,0.00%,1.60%,26.10%,10.60%,85.20%
10,10X225,Theatre Arts Production Company School,2021-22,61,62,66.30%,33.70%,1.40%,26.80%,69.70%,0.20%,1.10%,25.00%,9.10%,84.80%
10,10X228,Jonas Bronck Academy,2018-19,90,90,45.20%,54.80%,6.70%,14.40%,75.90%,0.70%,1.90%,18.50%,7.00%,86.70%
10,10X228,Jonas Bronck Academy,2019-20,89,88,46.10%,53.90%,7.10%,14.60%,73.80%,0.70%,3.00%,19.90%,6.40%,87.60%
10,10X228,Jonas Bronck Academy,2020-21,93,88,47.80%,52.20%,5.90%,15.90%,73.70%,0.40%,3.70%,21.90%,8.10%,90.40%
10,10X228,Jonas Bronck Academy,2021-22,90,86,52.60%,47.40%,5.20%,17.20%,73.10%,0.00%,4.10%,21.60%,7.10%,86.60%
10,10X243,West Bronx Academy for the Future,2018-19,99,86,47.30%,52.70%,2.00%,17.90%,78.30%,0.30%,1.10%,26.10%,12.20%,94.60%
10,10X243,West Bronx Academy for the Future,2019-20,96,96,47.20%,52.80%,2.00%,16.80%,79.30%,0.30%,1.30%,26.90%,14.00%,94.00%
10,10X243,West Bronx Academy for the Future,2020-21,92,92,50.50%,49.50%,2.50%,16.70%,79.10%,0.20%,1.40%,26.10%,17.60%,92.40%
10,10X243,West Bronx Academy for the Future,2021-22,101,84,51.50%,48.50%,2.10%,17.00%,79.80%,0.20%,0.80%,25.20%,17.90%,93.10%
10,10X244,The New School for Leadership and Journalism,2018-19,270,286,47.20%,52.80%,3.50%,10.60%,83.40%,0.30%,1.60%,22.30%,23.30%,99.9
10,10X244,The New School for Leadership and Journalism,2019-20,259,268,47.20%,52.80%,2.40%,8.60%,87.00%,0.40%,1.30%,22.60%,21.40%,99.9
10,10X244,The New School for Leadership and Journalism,2020-21,231,251,47.90%,52.10%,1.90%,8.10%,87.50%,0.40%,2.10%,21.10%,21.90%,99.9
10,10X244,The New School for Leadership and Journalism,2021-22,231,231,50.50%,49.50%,1.90%,8.30%,87.40%,0.20%,2.30%,18.50%,28.80%,99.9
10,10X254,I.S. 254,2018-19,182,162,49.30%,50.70%,2.40%,15.80%,80.70%,0.20%,0.60%,27.40%,37.30%,89.70%
10,10X254,I.S. 254,2019-20,156,180,51.30%,48.70%,2.40%,14.30%,82.50%,0.00%,0.40%,29.10%,34.80%,90.00%
10,10X254,I.S. 254,2020-21,140,158,51.10%,48.90%,2.10%,12.70%,84.10%,0.00%,0.60%,28.40%,32.40%,91.10%
10,10X254,I.S. 254,2021-22,162,141,49.30%,50.70%,2.20%,12.60%,83.90%,0.00%,1.10%,25.60%,31.10%,88.30%
10,10X279,"P.S. 279 Captain Manuel Rivera, Jr.",2018-19,128,128,46.70%,53.30%,3.30%,16.00%,79.50%,0.40%,0.30%,20.40%,27.40%,99.9
10,10X279,"P.S. 279 Captain Manuel Rivera, Jr.",2019-20,133,124,47.80%,52.20%,3.30%,16.40%,78.90%,0.50%,0.50%,21.40%,26.70%,99.9
10,10X279,"P.S. 279 Captain Manuel Rivera, Jr.",2020-21,128,123,49.00%,51.00%,3.10%,15.80%,79.20%,0.20%,0.70%,21.80%,28.10%,99.9
10,10X279,"P.S. 279 Captain Manuel Rivera, Jr.",2021-22,126,109,49.20%,50.80%,2.80%,14.90%,80.20%,0.30%,0.80%,22.90%,27.20%,99.9
10,10X280,P.S./M.S. 280 Mosholu Parkway,2018-19,99,123,49.60%,50.40%,9.60%,7.70%,77.00%,0.10%,5.10%,30.40%,17.00%,94.00%
10,10X280,P.S./M.S. 280 Mosholu Parkway,2019-20,99,100,48.00%,52.00%,9.10%,8.00%,77.70%,0.20%,4.60%,29.70%,17.80%,93.90%
10,10X280,P.S./M.S. 280 Mosholu Parkway,2020-21,94,96,47.90%,52.10%,9.60%,9.00%,75.80%,0.40%,4.90%,29.30%,19.30%,92.70%
10,10X280,P.S./M.S. 280 Mosholu Parkway,2021-22,94,83,51.10%,48.90%,10.00%,10.30%,74.70%,0.60%,3.90%,25.80%,16.90%,91.80%
10,10X308,Bronx Dance Academy School,2018-19,94,84,74.50%,25.50%,1.50%,19.20%,78.20%,0.00%,1.10%,22.50%,6.30%,92.30%
10,10X308,Bronx Dance Academy School,2019-20,86,84,76.20%,23.80%,1.50%,18.00%,78.20%,0.00%,2.30%,23.00%,6.50%,91.20%
10,10X308,Bronx Dance Academy School,2020-21,85,82,72.80%,27.20%,1.90%,17.40%,78.10%,0.80%,1.90%,23.00%,7.90%,87.90%
10,10X308,Bronx Dance Academy School,2021-22,78,80,74.90%,25.10%,2.00%,18.30%,76.50%,0.40%,2.40%,25.90%,14.70%,90.00%
10,10X315,P.S. 315 Lab School,2018-19,29,40,50.90%,49.10%,1.70%,14.30%,83.00%,0.40%,0.40%,21.30%,13.50%,93.90%
10,10X315,P.S. 315 Lab School,2019-20,30,30,52.20%,47.80%,1.80%,12.30%,83.80%,0.40%,1.30%,16.70%,14.00%,93.40%
10,10X315,P.S. 315 Lab School,2020-21,27,30,50.90%,49.10%,1.80%,12.10%,83.50%,1.30%,0.90%,17.40%,17.40%,94.20%
10,10X315,P.S. 315 Lab School,2021-22,30,26,51.00%,49.00%,2.00%,11.90%,81.20%,1.50%,3.00%,18.30%,17.30%,92.10%
10,10X331,The Bronx School of Young Leaders,2018-19,139,139,45.20%,54.80%,1.20%,26.50%,71.70%,0.50%,0.20%,25.60%,20.50%,86.40%
10,10X331,The Bronx School of Young Leaders,2019-20,157,141,51.20%,48.80%,2.00%,24.00%,71.90%,0.50%,1.40%,26.30%,18.40%,88.20%
10,10X331,The Bronx School of Young Leaders,2020-21,142,153,51.30%,48.70%,1.60%,22.90%,73.30%,0.20%,1.60%,26.40%,21.80%,89.60%
10,10X331,The Bronx School of Young Leaders,2021-22,140,130,50.10%,49.90%,1.50%,24.10%,72.30%,0.00%,1.20%,28.00%,20.00%,87.30%
10,10X342,International School for Liberal Arts,2018-19,53,47,48.50%,51.50%,0.20%,0.20%,99.60%,0.00%,0.00%,8.70%,71.20%,99.9
10,10X342,International School for Liberal Arts,2019-20,53,58,50.00%,50.00%,0.00%,0.00%,100.00%,0.00%,0.00%,9.80%,69.90%,99.9
10,10X342,International School for Liberal Arts,2020-21,42,56,46.60%,53.40%,0.00%,0.00%,100.00%,0.00%,0.00%,11.30%,78.00%,99.9
10,10X342,International School for Liberal Arts,2021-22,43,42,45.90%,54.10%,0.00%,0.00%,100.00%,0.00%,0.00%,10.80%,78.20%,87.30%
10,10X363,Academy For Personal Leadership And Excellence,2018-19,219,198,45.70%,54.30%,1.90%,10.80%,85.10%,0.20%,1.20%,27.80%,31.40%,92.40%
10,10X363,Academy For Personal Leadership And Excellence,2019-20,308,321,45.10%,54.90%,2.40%,14.50%,79.90%,0.10%,2.00%,28.50%,27.10%,92.40%
10,10X363,Academy For Personal Leadership And Excellence,2020-21,301,307,45.80%,54.20%,2.90%,12.80%,80.80%,0.20%,2.40%,26.40%,29.80%,92.40%
10,10X363,Academy For Personal Leadership And Excellence,2021-22,246,288,46.40%,53.60%,2.10%,11.30%,83.60%,0.10%,1.80%,24.40%,30.30%,91.70%
10,10X368,In-Tech Academy (M.S. / High School 368),2018-19,155,176,45.30%,54.70%,4.20%,8.40%,82.30%,0.40%,3.60%,21.70%,16.70%,86.30%
10,10X368,In-Tech Academy (M.S. / High School 368),2019-20,151,157,47.40%,52.60%,3.40%,7.80%,84.40%,0.50%,3.00%,21.20%,17.10%,87.40%
10,10X368,In-Tech Academy (M.S. / High School 368),2020-21,124,145,47.30%,52.70%,3.00%,7.30%,85.60%,0.30%,2.90%,20.80%,17.70%,86.20%
10,10X368,In-Tech Academy (M.S. / High School 368),2021-22,135,128,48.00%,52.00%,2.30%,7.80%,85.50%,0.30%,3.50%,22.60%,17.40%,86.30%
10,10X390,M.S. 390,2018-19,190,181,46.00%,54.00%,1.10%,13.00%,85.30%,0.00%,0.40%,26.30%,27.80%,99.9
10,10X390,M.S. 390,2019-20,183,167,46.40%,53.60%,1.10%,14.90%,82.50%,0.00%,1.10%,22.70%,27.30%,99.9
10,10X390,M.S. 390,2020-21,190,177,46.60%,53.40%,0.90%,16.60%,80.80%,0.00%,1.10%,20.10%,28.90%,92.70%
10,10X390,M.S. 390,2021-22,169,170,42.80%,57.20%,0.40%,15.30%,82.10%,0.00%,1.10%,22.60%,25.50%,93.20%
10,10X391,The Angelo Patri Middle School,2018-19,173,152,46.70%,53.30%,1.90%,23.20%,73.30%,0.00%,1.10%,26.70%,35.60%,92.40%
10,10X391,The Angelo Patri Middle School,2019-20,158,176,48.20%,51.80%,1.70%,22.30%,73.90%,0.00%,1.10%,26.80%,31.00%,99.9
10,10X391,The Angelo Patri Middle School,2020-21,145,153,46.20%,53.80%,1.00%,22.90%,75.20%,0.00%,0.50%,27.30%,30.70%,93.10%
10,10X391,The Angelo Patri Middle School,2021-22,112,138,47.20%,52.80%,0.30%,22.60%,75.70%,0.30%,0.30%,25.40%,31.60%,92.50%
10,10X447,Creston Academy,2018-19,158,164,49.90%,50.10%,1.70%,11.10%,85.20%,0.00%,1.10%,19.20%,29.80%,99.9
10,10X447,Creston Academy,2019-20,149,162,51.90%,48.10%,0.70%,14.50%,83.50%,0.00%,0.40%,20.70%,25.90%,99.9
10,10X447,Creston Academy,2020-21,145,148,50.60%,49.40%,0.40%,14.60%,83.20%,0.40%,0.70%,23.20%,27.60%,99.9
10,10X447,Creston Academy,2021-22,157,131,47.90%,52.10%,0.50%,13.00%,83.80%,0.20%,2.10%,21.30%,28.50%,93.10%
20,20K030,P.S./I.S. 30 Mary White Ovington,2018-19,132,129,48.70%,51.30%,23.50%,0.70%,30.50%,1.20%,43.70%,19.10%,21.40%,80.40%
20,20K030,P.S./I.S. 30 Mary White Ovington,2019-20,113,133,47.90%,52.10%,22.00%,0.80%,33.80%,1.00%,41.70%,20.90%,19.10%,81.10%
20,20K030,P.S./I.S. 30 Mary White Ovington,2020-21,159,117,46.60%,53.40%,20.00%,1.00%,35.70%,1.00%,41.70%,21.00%,22.30%,76.10%
20,20K030,P.S./I.S. 30 Mary White Ovington,2021-22,144,154,47.90%,52.10%,18.70%,1.90%,36.90%,1.10%,40.70%,21.40%,22.30%,79.50%
20,20K062,J.H.S. 062 Ditmas,2018-19,386,447,47.00%,53.00%,32.80%,17.60%,34.50%,0.60%,13.90%,19.00%,21.80%,86.30%
20,20K062,J.H.S. 062 Ditmas,2019-20,398,395,47.10%,52.90%,36.20%,16.00%,33.60%,0.70%,13.00%,18.20%,21.50%,87.30%
20,20K062,J.H.S. 062 Ditmas,2020-21,376,397,48.80%,51.20%,38.60%,14.00%,32.00%,0.80%,14.10%,18.80%,22.60%,84.60%
20,20K062,J.H.S. 062 Ditmas,2021-22,323,371,49.00%,51.00%,41.80%,12.50%,30.90%,0.60%,13.30%,18.80%,21.40%,85.30%
20,20K104,P.S./I.S. 104 The Fort Hamilton School,2018-19,164,153,46.40%,53.60%,19.40%,4.40%,25.50%,2.60%,47.70%,15.10%,11.00%,62.50%
20,20K104,P.S./I.S. 104 The Fort Hamilton School,2019-20,172,165,46.70%,53.30%,20.00%,4.00%,26.20%,3.00%,46.50%,15.50%,11.40%,60.60%
20,20K104,P.S./I.S. 104 The Fort Hamilton School,2020-21,146,159,47.20%,52.80%,22.30%,4.00%,26.00%,3.00%,44.30%,16.40%,13.40%,65.30%
20,20K104,P.S./I.S. 104 The Fort Hamilton School,2021-22,162,143,47.70%,52.30%,22.40%,3.50%,27.90%,3.10%,42.20%,16.70%,14.60%,62.50%
20,20K163,P.S. 163 Bath Beach,2018-19,74,89,49.40%,50.60%,28.00%,1.80%,37.10%,0.30%,32.60%,19.70%,21.20%,83.00%
20,20K163,P.S. 163 Bath Beach,2019-20,82,70,48.70%,51.30%,29.90%,1.10%,36.70%,0.20%,32.20%,21.00%,20.10%,80.90%
20,20K163,P.S. 163 Bath Beach,2020-21,70,74,48.20%,51.80%,32.60%,1.60%,33.90%,0.20%,31.70%,20.00%,25.50%,80.50%
20,20K163,P.S. 163 Bath Beach,2021-22,88,63,48.90%,51.10%,34.00%,1.50%,35.50%,0.20%,28.80%,18.10%,24.50%,79.40%
20,20K180,The SEEALL Academy,2018-19,151,154,47.10%,52.90%,44.00%,1.40%,29.00%,1.00%,24.30%,16.20%,28.80%,86.40%
20,20K180,The SEEALL Academy,2019-20,174,145,47.60%,52.40%,44.30%,1.10%,30.30%,1.00%,22.80%,17.80%,25.70%,88.30%
20,20K180,The SEEALL Academy,2020-21,171,170,47.90%,52.10%,44.50%,1.40%,30.70%,1.00%,22.10%,19.10%,25.60%,89.80%
20,20K180,The SEEALL Academy,2021-22,164,164,46.50%,53.50%,42.00%,0.80%,33.80%,1.30%,21.70%,21.00%,26.90%,89.90%
20,20K187,The Christa McAuliffe School\I.S. 187,2018-19,328,263,52.40%,47.60%,69.40%,1.40%,5.70%,0.50%,22.90%,9.90%,2.60%,61.30%
20,20K187,The Christa McAuliffe School\I.S. 187,2019-20,348,328,52.50%,47.50%,72.90%,1.60%,6.80%,0.60%,17.90%,11.10%,3.50%,62.60%
20,20K187,The Christa McAuliffe School\I.S. 187,2020-21,298,343,53.60%,46.40%,75.60%,1.10%,7.40%,0.80%,14.90%,11.60%,4.00%,67.30%
20,20K187,The Christa McAuliffe School\I.S. 187,2021-22,330,294,52.50%,47.50%,75.90%,1.40%,9.30%,0.90%,12.10%,13.60%,7.10%,72.70%
20,20K192,P.S. 192 - The Magnet School for Math and Science,2018-19,60,63,51.60%,48.40%,16.80%,2.00%,46.90%,0.00%,33.80%,22.90%,27.40%,82.40%
20,20K192,P.S. 192 - The Magnet School for Math and Science,2019-20,61,59,50.50%,49.50%,17.00%,2.30%,46.10%,0.00%,34.00%,22.10%,26.00%,84.40%
20,20K192,P.S. 192 - The Magnet School for Math and Science,2020-21,52,60,49.80%,50.20%,16.80%,1.70%,45.70%,0.20%,35.30%,22.60%,27.10%,83.70%
20,20K192,P.S. 192 - The Magnet School for Math and Science,2021-22,81,47,49.70%,50.30%,18.40%,2.00%,44.30%,0.50%,34.20%,21.60%,25.40%,79.20%
20,20K201,J.H.S. 201 The Dyker Heights,2018-19,560,524,46.10%,53.90%,54.40%,0.50%,15.90%,0.10%,28.80%,13.40%,9.80%,73.30%
20,20K201,J.H.S. 201 The Dyker Heights,2019-20,584,575,46.50%,53.50%,54.90%,0.40%,15.60%,0.20%,28.60%,12.90%,8.80%,73.10%
20,20K201,J.H.S. 201 The Dyker Heights,2020-21,585,576,46.50%,53.50%,56.50%,0.30%,16.10%,0.30%,26.50%,14.20%,10.40%,76.50%
20,20K201,J.H.S. 201 The Dyker Heights,2021-22,525,553,46.20%,53.80%,58.50%,0.40%,17.30%,0.30%,23.10%,14.30%,8.90%,76.20%
20,20K220,J.H.S. 220 John J. Pershing,2018-19,497,490,47.30%,52.70%,50.20%,1.20%,42.70%,0.10%,5.50%,16.20%,32.30%,86.40%
20,20K220,J.H.S. 220 John J. Pershing,2019-20,523,510,46.10%,53.90%,50.10%,0.70%,43.90%,0.10%,4.60%,16.70%,27.80%,86.90%
20,20K220,J.H.S. 220 John J. Pershing,2020-21,451,529,47.50%,52.50%,52.90%,0.70%,40.40%,0.10%,5.40%,17.70%,31.40%,87.60%
20,20K220,J.H.S. 220 John J. Pershing,2021-22,423,428,47.30%,52.70%,57.10%,0.70%,37.10%,0.00%,4.90%,18.30%,30.10%,84.70%
20,20K223,J.H.S. 223 The Montauk,2018-19,281,346,46.30%,53.70%,58.10%,1.80%,27.60%,0.00%,12.10%,16.70%,28.20%,99.9
20,20K223,J.H.S. 223 The Montauk,2019-20,311,296,44.20%,55.80%,54.30%,2.70%,29.50%,0.10%,12.70%,16.50%,25.20%,99.9
20,20K223,J.H.S. 223 The Montauk,2020-21,287,317,42.90%,57.10%,53.90%,2.90%,28.80%,0.50%,13.10%,16.30%,25.80%,86.90%
20,20K223,J.H.S. 223 The Montauk,2021-22,271,286,40.50%,59.50%,51.80%,2.40%,33.30%,0.50%,11.00%,15.10%,24.90%,94.10%
20,20K227,J.H.S. 227 Edward B. Shallow,2018-19,593,508,44.90%,55.10%,57.60%,0.60%,29.80%,0.20%,11.40%,15.20%,27.90%,90.80%
20,20K227,J.H.S. 227 Edward B. Shallow,2019-20,521,602,44.10%,55.90%,55.80%,0.50%,31.90%,0.20%,11.40%,15.80%,22.20%,90.00%
20,20K227,J.H.S. 227 Edward B. Shallow,2020-21,520,517,46.90%,53.10%,55.50%,1.00%,32.40%,0.10%,10.70%,17.10%,23.80%,89.50%
20,20K227,J.H.S. 227 Edward B. Shallow,2021-22,494,559,46.60%,53.40%,53.40%,1.10%,33.60%,0.10%,11.50%,16.10%,22.10%,86.60%
20,20K229,P.S. 229 Dyker,2018-19,129,113,50.30%,49.70%,60.50%,1.90%,12.10%,0.90%,24.30%,15.30%,11.90%,58.30%
20,20K229,P.S. 229 Dyker,2019-20,122,127,49.70%,50.30%,60.90%,1.30%,13.80%,0.90%,22.80%,15.00%,10.90%,60.90%
20,20K229,P.S. 229 Dyker,2020-21,135,121,48.80%,51.20%,60.80%,1.40%,14.10%,0.80%,22.60%,14.50%,13.60%,61.60%
20,20K229,P.S. 229 Dyker,2021-22,121,133,49.00%,51.00%,62.90%,1.90%,14.80%,0.70%,19.30%,14.90%,14.40%,61.00%
20,20K259,J.H.S. 259 William McKinley,2018-19,637,627,47.40%,52.60%,45.30%,0.70%,19.50%,0.50%,33.40%,12.20%,11.80%,79.30%
20,20K259,J.H.S. 259 William McKinley,2019-20,626,637,47.30%,52.70%,47.30%,0.80%,19.70%,0.40%,31.30%,13.10%,10.00%,78.20%
20,20K259,J.H.S. 259 William McKinley,2020-21,590,616,47.30%,52.70%,48.20%,0.70%,19.10%,1.00%,30.40%,14.70%,12.70%,74.30%
20,20K259,J.H.S. 259 William McKinley,2021-22,493,558,45.50%,54.50%,49.80%,0.80%,21.10%,0.80%,26.80%,16.50%,12.60%,78.20%
20,20K609,Urban Assembly School for Leadership and Empowerme,2018-19,72,83,100.00%,0.00%,48.60%,13.10%,19.50%,1.30%,15.80%,15.50%,13.30%,91.80%
20,20K609,Urban Assembly School for Leadership and Empowerme,2019-20,72,75,100.00%,0.00%,50.80%,11.40%,18.80%,1.30%,16.60%,13.60%,12.90%,88.40%
20,20K609,Urban Assembly School for Leadership and Empowerme,2020-21,82,70,100.00%,0.00%,49.70%,11.30%,18.70%,1.20%,17.70%,15.80%,15.90%,88.20%
20,20K609,Urban Assembly School for Leadership and Empowerme,2021-22,54,72,100.00%,0.00%,48.00%,10.70%,19.30%,0.90%,19.10%,14.80%,13.30%,85.60%
20,20K686,Brooklyn School of Inquiry,2018-19,56,57,51.30%,48.70%,20.40%,5.10%,4.70%,2.20%,66.90%,7.90%,10.30%,27.70%
20,20K686,Brooklyn School of Inquiry,2019-20,55,56,50.90%,49.10%,22.10%,5.60%,3.70%,3.40%,65.00%,7.30%,8.80%,29.00%
20,20K686,Brooklyn School of Inquiry,2020-21,60,53,51.40%,48.60%,24.70%,5.20%,3.80%,3.60%,62.50%,8.60%,9.00%,30.40%
20,20K686,Brooklyn School of Inquiry,2021-22,58,55,49.00%,51.00%,26.50%,7.00%,4.00%,3.80%,58.40%,9.30%,6.80%,30.40%
20,20K936,MS 936 Arts Off 3rd,2020-21,0,0,57.40%,42.60%,13.50%,0.70%,74.30%,0.00%,10.10%,20.90%,27.70%,85.10%
20,20K936,MS 936 Arts Off 3rd,2021-22,144,0,59.90%,40.10%,12.80%,0.30%,70.40%,0.30%,15.10%,20.70%,19.40%,80.60%
24,24Q005,I.S. 5 - The Walter Crowley Intermediate School,2018-19,571,606,46.60%,53.40%,40.20%,1.80%,55.30%,0.20%,1.70%,19.40%,17.90%,77.30%
24,24Q005,I.S. 5 - The Walter Crowley Intermediate School,2019-20,605,580,46.60%,53.40%,39.10%,1.60%,56.50%,0.00%,2.20%,19.00%,17.90%,79.70%
24,24Q005,I.S. 5 - The Walter Crowley Intermediate School,2020-21,553,595,47.40%,52.60%,37.70%,1.80%,57.70%,0.10%,2.30%,19.00%,21.10%,79.00%
24,24Q005,I.S. 5 - The Walter Crowley Intermediate School,2021-22,496,557,48.50%,51.50%,35.10%,1.50%,60.20%,0.10%,2.50%,18.10%,23.90%,77.20%
24,24Q049,P.S. 049 Dorothy Bonawit Kole,2018-19,138,144,49.40%,50.60%,19.40%,1.10%,23.70%,0.90%,54.10%,16.50%,6.60%,51.60%
24,24Q049,P.S. 049 Dorothy Bonawit Kole,2019-20,139,136,50.50%,49.50%,19.00%,1.10%,25.80%,1.00%,52.30%,18.20%,7.60%,44.40%
24,24Q049,P.S. 049 Dorothy Bonawit Kole,2020-21,167,138,49.60%,50.40%,20.10%,1.20%,26.40%,1.00%,50.40%,18.60%,9.00%,44.40%
24,24Q049,P.S. 049 Dorothy Bonawit Kole,2021-22,130,163,51.30%,48.70%,21.40%,1.20%,27.90%,1.40%,47.50%,17.00%,9.10%,47.60%
24,24Q061,I.S. 061 Leonardo Da Vinci,2018-19,773,762,45.80%,54.20%,6.00%,2.50%,89.20%,0.10%,2.00%,21.20%,32.00%,93.50%
24,24Q061,I.S. 061 Leonardo Da Vinci,2019-20,735,776,46.90%,53.10%,5.00%,2.00%,90.80%,0.00%,1.80%,22.20%,30.90%,92.80%
24,24Q061,I.S. 061 Leonardo Da Vinci,2020-21,750,730,49.10%,50.90%,4.20%,1.80%,92.10%,0.10%,1.40%,21.60%,37.30%,93.40%
24,24Q061,I.S. 061 Leonardo Da Vinci,2021-22,672,764,50.30%,49.70%,3.10%,1.60%,93.90%,0.00%,1.10%,21.20%,44.60%,93.20%
24,24Q073,I.S. 73 - The Frank Sansivieri Intermediate School,2018-19,674,692,46.30%,53.70%,29.10%,0.80%,58.00%,0.20%,11.60%,19.40%,13.50%,67.60%
24,24Q073,I.S. 73 - The Frank Sansivieri Intermediate School,2019-20,784,686,48.80%,51.20%,27.60%,1.20%,59.10%,0.10%,11.50%,18.60%,13.20%,69.60%
24,24Q073,I.S. 73 - The Frank Sansivieri Intermediate School,2020-21,704,775,48.30%,51.70%,25.70%,0.60%,62.00%,0.20%,11.00%,18.80%,16.80%,73.60%
24,24Q073,I.S. 73 - The Frank Sansivieri Intermediate School,2021-22,733,694,47.90%,52.10%,24.30%,0.30%,64.10%,0.20%,10.60%,19.90%,17.70%,69.60%
24,24Q077,Joseph F. Quinn Intermediate School 77,2018-19,319,346,49.00%,51.00%,9.50%,1.90%,79.10%,0.10%,9.20%,29.00%,20.70%,90.80%
24,24Q077,Joseph F. Quinn Intermediate School 77,2019-20,291,331,47.50%,52.50%,9.80%,1.80%,78.70%,0.10%,9.30%,28.30%,21.30%,89.10%
24,24Q077,Joseph F. Quinn Intermediate School 77,2020-21,251,291,50.40%,49.60%,8.30%,1.70%,82.80%,0.30%,6.70%,29.00%,22.90%,88.00%
24,24Q077,Joseph F. Quinn Intermediate School 77,2021-22,237,281,49.30%,50.70%,5.20%,1.40%,87.30%,0.10%,6.00%,26.20%,31.90%,85.60%
24,24Q087,P.S./I.S. 087 Middle Village,2018-19,55,79,48.00%,52.00%,4.90%,1.90%,55.30%,1.30%,36.10%,22.00%,8.90%,56.70%
24,24Q087,P.S./I.S. 087 Middle Village,2019-20,60,56,47.40%,52.60%,6.10%,1.30%,58.00%,1.20%,32.90%,21.90%,7.60%,63.10%
24,24Q087,P.S./I.S. 087 Middle Village,2020-21,65,56,48.90%,51.10%,5.20%,1.60%,58.10%,1.40%,32.80%,23.70%,8.60%,60.00%
24,24Q087,P.S./I.S. 087 Middle Village,2021-22,58,64,47.00%,53.00%,6.90%,0.40%,58.80%,1.70%,31.10%,23.20%,8.60%,64.20%
24,24Q093,I.S. 093 Ridgewood,2018-19,384,358,49.00%,51.00%,7.60%,2.50%,72.10%,0.20%,17.20%,21.80%,13.60%,90.20%
24,24Q093,I.S. 093 Ridgewood,2019-20,406,383,46.90%,53.10%,7.60%,2.30%,70.60%,0.20%,18.40%,21.50%,14.10%,92.10%
24,24Q093,I.S. 093 Ridgewood,2020-21,375,387,47.10%,52.90%,6.40%,1.70%,73.00%,0.20%,17.90%,20.50%,16.50%,94.60%
24,24Q093,I.S. 093 Ridgewood,2021-22,326,382,47.50%,52.50%,6.00%,1.50%,74.50%,0.70%,16.50%,20.40%,23.10%,91.50%
24,24Q102,P.S. 102 Bayview,2018-19,141,146,48.30%,51.70%,60.80%,3.10%,31.80%,0.80%,3.00%,14.30%,13.30%,84.30%
24,24Q102,P.S. 102 Bayview,2019-20,143,144,48.50%,51.50%,60.80%,3.00%,31.90%,0.90%,2.90%,13.10%,14.70%,81.90%
24,24Q102,P.S. 102 Bayview,2020-21,159,140,47.00%,53.00%,61.80%,3.70%,30.10%,0.70%,2.80%,13.80%,15.70%,84.10%
24,24Q102,P.S. 102 Bayview,2021-22,143,151,47.00%,53.00%,61.10%,3.20%,31.90%,0.80%,2.30%,13.80%,18.50%,81.20%
24,24Q113,P.S./I.S. 113 Anthony J. Pranzo,2018-19,100,100,49.70%,50.30%,6.10%,1.60%,41.40%,0.80%,49.80%,15.60%,6.00%,46.90%
24,24Q113,P.S./I.S. 113 Anthony J. Pranzo,2019-20,100,100,50.00%,50.00%,6.20%,1.50%,41.30%,0.70%,49.90%,15.10%,5.30%,46.10%
24,24Q113,P.S./I.S. 113 Anthony J. Pranzo,2020-21,92,101,48.90%,51.10%,7.70%,1.30%,43.70%,1.10%,46.00%,15.10%,7.40%,49.80%
24,24Q113,P.S./I.S. 113 Anthony J. Pranzo,2021-22,91,90,47.90%,52.10%,10.00%,1.90%,41.70%,1.30%,44.60%,13.50%,7.30%,47.90%
24,24Q119,P.S./I.S. 119 The Glendale,2018-19,219,174,50.90%,49.10%,27.10%,2.00%,29.60%,1.10%,39.30%,9.10%,2.50%,73.80%
24,24Q119,P.S./I.S. 119 The Glendale,2019-20,229,218,50.50%,49.50%,29.40%,1.60%,29.80%,1.20%,37.10%,9.30%,3.00%,69.50%
24,24Q119,P.S./I.S. 119 The Glendale,2020-21,221,224,50.60%,49.40%,33.40%,1.30%,27.60%,1.30%,35.80%,10.10%,5.40%,75.00%
24,24Q119,P.S./I.S. 119 The Glendale,2021-22,223,216,49.80%,50.20%,32.00%,1.30%,29.10%,1.60%,35.40%,10.60%,7.40%,73.00%
24,24Q125,I.S. 125 Thom J. McCann Woodside,2018-19,565,570,48.70%,51.30%,39.00%,1.90%,53.20%,0.20%,5.20%,16.70%,16.60%,75.70%
24,24Q125,I.S. 125 Thom J. McCann Woodside,2019-20,512,571,51.30%,48.70%,37.90%,1.70%,53.80%,0.40%,5.40%,15.80%,15.50%,79.20%
24,24Q125,I.S. 125 Thom J. McCann Woodside,2020-21,512,513,52.70%,47.30%,37.00%,2.00%,54.40%,0.50%,5.30%,17.10%,19.50%,78.80%
24,24Q125,I.S. 125 Thom J. McCann Woodside,2021-22,501,528,49.20%,50.80%,32.40%,1.70%,59.30%,0.60%,5.10%,17.00%,22.50%,74.50%
24,24Q128,"P.S. 128 The Lorraine Tuzzo, Juniper Valley Elemen",2018-19,132,99,50.20%,49.80%,3.90%,0.60%,19.70%,0.40%,75.10%,13.70%,3.40%,27.70%
24,24Q128,"P.S. 128 The Lorraine Tuzzo, Juniper Valley Elemen",2019-20,128,130,50.70%,49.30%,4.00%,0.70%,19.50%,0.70%,74.90%,14.50%,3.90%,35.90%
24,24Q128,"P.S. 128 The Lorraine Tuzzo, Juniper Valley Elemen",2020-21,111,128,48.60%,51.40%,4.90%,0.80%,19.60%,1.10%,73.20%,13.80%,5.40%,29.80%
24,24Q128,"P.S. 128 The Lorraine Tuzzo, Juniper Valley Elemen",2021-22,96,102,46.40%,53.60%,6.50%,0.60%,20.30%,1.30%,70.80%,15.20%,5.40%,35.80%
24,24Q311,Corona Arts & Sciences Academy,2018-19,315,284,51.20%,48.80%,1.30%,1.80%,96.30%,0.10%,0.30%,19.60%,23.00%,99.9
24,24Q311,Corona Arts & Sciences Academy,2019-20,187,312,50.90%,49.10%,1.30%,1.60%,96.60%,0.10%,0.30%,21.90%,24.00%,99.9
24,24Q311,Corona Arts & Sciences Academy,2020-21,263,186,48.30%,51.70%,1.50%,1.10%,96.50%,0.00%,0.50%,23.50%,31.30%,99.9
24,24Q311,Corona Arts & Sciences Academy,2021-22,290,254,48.20%,51.80%,1.50%,0.70%,97.00%,0.00%,0.50%,24.00%,32.00%,99.9
24,24Q560,"Robert F. Wagner, Jr. Secondary School for Arts an",2018-19,53,59,45.60%,54.40%,22.80%,5.40%,53.90%,0.50%,15.90%,16.60%,2.80%,73.80%
24,24Q560,"Robert F. Wagner, Jr. Secondary School for Arts an",2019-20,50,52,46.40%,53.60%,22.80%,4.90%,51.50%,1.20%,18.40%,15.80%,2.00%,70.40%
24,24Q560,"Robert F. Wagner, Jr. Secondary School for Arts an",2020-21,55,47,43.10%,56.90%,23.70%,5.10%,51.30%,1.40%,16.30%,16.90%,3.30%,74.60%
24,24Q560,"Robert F. Wagner, Jr. Secondary School for Arts an",2021-22,71,55,43.50%,56.50%,19.50%,5.10%,54.40%,2.00%,16.50%,17.70%,3.80%,72.10%
31,31R002,I.S. R002 George L. Egbert,2018-19,386,325,49.60%,50.40%,14.20%,9.90%,30.00%,1.30%,44.20%,23.40%,9.50%,70.00%
31,31R002,I.S. R002 George L. Egbert,2019-20,358,368,48.70%,51.30%,17.30%,9.70%,30.50%,1.10%,41.30%,21.70%,8.20%,73.80%
31,31R002,I.S. R002 George L. Egbert,2020-21,338,357,49.80%,50.20%,18.50%,9.10%,30.00%,1.50%,40.60%,21.90%,9.60%,70.80%
31,31R002,I.S. R002 George L. Egbert,2021-22,296,348,51.40%,48.60%,22.50%,5.80%,30.50%,1.20%,39.40%,22.60%,12.00%,73.90%
31,31R007,I.S. 007 Elias Bernstein,2018-19,400,374,50.20%,49.80%,6.80%,0.70%,11.10%,0.90%,79.90%,17.70%,1.70%,37.40%
31,31R007,I.S. 007 Elias Bernstein,2019-20,398,400,48.50%,51.50%,8.70%,0.90%,12.40%,0.70%,76.60%,19.50%,2.00%,39.90%
31,31R007,I.S. 007 Elias Bernstein,2020-21,388,400,47.80%,52.20%,9.50%,0.50%,11.80%,0.60%,76.70%,19.20%,2.30%,38.80%
31,31R007,I.S. 007 Elias Bernstein,2021-22,400,381,46.80%,53.20%,12.20%,0.60%,12.20%,0.20%,74.00%,19.80%,3.60%,39.40%
31,31R024,I.S. 024 Myra S. Barnes,2018-19,429,454,46.50%,53.50%,6.20%,1.70%,15.90%,1.00%,74.50%,25.00%,2.30%,45.30%
31,31R024,I.S. 024 Myra S. Barnes,2019-20,448,440,46.00%,54.00%,8.40%,1.80%,17.40%,1.20%,70.70%,24.60%,1.20%,46.60%
31,31R024,I.S. 024 Myra S. Barnes,2020-21,474,447,47.00%,53.00%,9.80%,2.20%,17.80%,1.30%,68.30%,25.00%,2.20%,48.30%
31,31R024,I.S. 024 Myra S. Barnes,2021-22,398,478,47.90%,52.10%,13.90%,1.60%,17.30%,1.30%,65.40%,23.70%,2.40%,45.20%
31,31R027,I.S. 027 Anning S. Prall,2018-19,350,330,48.70%,51.30%,10.70%,21.70%,40.00%,1.10%,25.80%,25.10%,4.90%,73.70%
31,31R027,I.S. 027 Anning S. Prall,2019-20,365,365,46.40%,53.60%,12.40%,20.20%,41.50%,1.50%,24.00%,24.30%,6.00%,72.90%
31,31R027,I.S. 027 Anning S. Prall,2020-21,337,360,46.40%,53.60%,12.90%,21.10%,42.20%,2.30%,21.20%,24.80%,7.80%,75.60%
31,31R027,I.S. 027 Anning S. Prall,2021-22,337,319,47.00%,53.00%,12.30%,20.10%,44.80%,2.50%,19.70%,26.70%,6.80%,73.30%
31,31R028,The Eagle Academy for Young Men of Staten Island,2018-19,76,58,0.00%,100.00%,5.20%,48.10%,36.30%,1.10%,8.50%,37.80%,6.30%,81.10%
31,31R028,The Eagle Academy for Young Men of Staten Island,2019-20,78,71,0.00%,100.00%,4.60%,50.30%,37.60%,1.30%,5.90%,42.50%,4.90%,82.40%
31,31R028,The Eagle Academy for Young Men of Staten Island,2020-21,76,76,0.00%,100.00%,4.10%,51.30%,37.60%,1.20%,5.20%,40.80%,6.10%,81.30%
31,31R028,The Eagle Academy for Young Men of Staten Island,2021-22,75,74,0.00%,100.00%,3.50%,53.60%,35.30%,1.60%,5.00%,41.00%,6.60%,81.40%
31,31R034,I.S. 034 Tottenville,2018-19,364,345,50.70%,49.30%,5.20%,0.80%,13.20%,0.80%,79.70%,28.50%,2.00%,38.60%
31,31R034,I.S. 034 Tottenville,2019-20,352,364,50.60%,49.40%,6.20%,0.80%,16.30%,1.30%,75.00%,30.00%,2.50%,34.40%
31,31R034,I.S. 034 Tottenville,2020-21,316,339,52.00%,48.00%,5.00%,1.00%,18.60%,1.30%,73.20%,29.30%,2.40%,35.40%
31,31R034,I.S. 034 Tottenville,2021-22,352,312,53.30%,46.70%,5.10%,0.70%,20.30%,0.60%,72.50%,27.30%,2.70%,35.50%
31,31R048,P.S. 048 William G. Wilcox,2018-19,127,95,47.30%,52.70%,21.10%,4.30%,18.00%,1.70%,54.70%,19.90%,7.30%,45.50%
31,31R048,P.S. 048 William G. Wilcox,2019-20,104,122,46.00%,54.00%,23.10%,4.40%,17.40%,1.70%,53.00%,19.50%,6.60%,42.90%
31,31R048,P.S. 048 William G. Wilcox,2020-21,96,104,47.10%,52.90%,23.20%,4.20%,18.30%,2.20%,51.70%,20.50%,7.60%,45.00%
31,31R048,P.S. 048 William G. Wilcox,2021-22,99,88,47.70%,52.30%,26.80%,4.70%,17.50%,2.30%,48.10%,19.60%,10.90%,50.30%
31,31R049,I.S. 49 Berta A. Dreyfus,2018-19,160,209,55.90%,44.10%,8.60%,34.80%,48.20%,0.20%,7.10%,34.00%,13.50%,91.00%
31,31R049,I.S. 49 Berta A. Dreyfus,2019-20,167,171,54.80%,45.20%,9.30%,35.90%,47.40%,0.70%,5.80%,35.90%,13.80%,93.10%
31,31R049,I.S. 49 Berta A. Dreyfus,2020-21,214,169,55.00%,45.00%,10.90%,34.50%,45.40%,1.30%,6.90%,35.50%,13.60%,88.80%
31,31R049,I.S. 49 Berta A. Dreyfus,2021-22,204,187,52.50%,47.50%,10.40%,34.20%,46.00%,1.40%,7.20%,33.70%,15.20%,91.30%
31,31R051,I.S. 051 Edwin Markham,2018-19,422,474,50.80%,49.20%,4.90%,22.50%,48.20%,1.10%,22.60%,30.20%,7.60%,78.60%
31,31R051,I.S. 051 Edwin Markham,2019-20,442,417,50.00%,50.00%,5.60%,21.60%,50.00%,1.50%,20.60%,29.00%,7.90%,79.70%
31,31R051,I.S. 051 Edwin Markham,2020-21,454,462,48.00%,52.00%,5.90%,22.00%,48.80%,2.00%,20.50%,29.60%,10.10%,72.60%
31,31R051,I.S. 051 Edwin Markham,2021-22,471,457,47.40%,52.60%,6.40%,22.40%,48.30%,2.20%,20.10%,31.40%,12.10%,73.30%
31,31R061,I.S. 061 William A Morris,2018-19,324,306,54.20%,45.80%,3.40%,33.50%,47.30%,1.00%,14.20%,30.10%,11.20%,79.30%
31,31R061,I.S. 061 William A Morris,2019-20,325,313,53.50%,46.50%,3.10%,33.20%,48.80%,1.30%,13.10%,30.30%,10.90%,80.70%
31,31R061,I.S. 061 William A Morris,2020-21,334,337,55.70%,44.30%,3.40%,32.70%,49.40%,2.20%,11.90%,29.80%,12.10%,77.90%
31,31R061,I.S. 061 William A Morris,2021-22,333,340,54.90%,45.10%,3.10%,30.30%,53.20%,2.60%,10.20%,27.90%,10.90%,78.50%
31,31R063,Marsh Avenue School for Expeditionary Learning,2018-19,151,146,52.40%,47.60%,10.90%,9.30%,29.10%,1.10%,48.90%,24.40%,2.20%,46.40%
31,31R063,Marsh Avenue School for Expeditionary Learning,2019-20,152,147,51.20%,48.80%,12.40%,7.50%,32.00%,2.00%,45.00%,23.20%,1.30%,50.10%
31,31R063,Marsh Avenue School for Expeditionary Learning,2020-21,149,149,50.30%,49.70%,14.50%,7.20%,36.00%,2.20%,39.50%,22.60%,1.70%,53.60%
31,31R063,Marsh Avenue School for Expeditionary Learning,2021-22,152,145,49.10%,50.90%,15.80%,4.90%,31.90%,1.80%,44.90%,22.10%,2.50%,51.60%
31,31R072,I.S. 072 Rocco Laurie,2018-19,513,433,46.80%,53.20%,22.90%,4.80%,26.20%,1.40%,44.50%,21.50%,4.60%,63.00%
31,31R072,I.S. 072 Rocco Laurie,2019-20,513,527,46.30%,53.70%,22.60%,5.10%,26.20%,1.80%,43.80%,21.30%,4.30%,63.30%
31,31R072,I.S. 072 Rocco Laurie,2020-21,534,522,45.30%,54.70%,24.20%,4.20%,25.20%,2.00%,43.80%,23.70%,6.30%,62.20%
31,31R072,I.S. 072 Rocco Laurie,2021-22,486,548,46.40%,53.60%,27.80%,5.60%,23.70%,2.20%,40.40%,22.70%,5.60%,62.60%
31,31R075,I.S. 075 Frank D. Paulo,2018-19,479,462,49.30%,50.70%,9.90%,1.70%,12.40%,1.20%,73.70%,22.40%,1.80%,41.50%
31,31R075,I.S. 075 Frank D. Paulo,2019-20,523,474,47.90%,52.10%,10.80%,1.70%,14.00%,1.70%,71.30%,22.40%,1.00%,38.00%
31,31R075,I.S. 075 Frank D. Paulo,2020-21,443,526,47.40%,52.60%,12.00%,2.00%,14.20%,1.20%,70.00%,22.20%,1.70%,32.00%
31,31R075,I.S. 075 Frank D. Paulo,2021-22,482,447,48.30%,51.70%,13.70%,2.40%,15.50%,1.20%,66.70%,21.50%,1.30%,41.00%
31,31R080,The Michael J. Petrides School,2018-19,96,94,47.70%,52.30%,9.40%,20.60%,25.60%,1.10%,40.20%,29.50%,1.40%,45.90%
31,31R080,The Michael J. Petrides School,2019-20,94,92,47.80%,52.20%,9.20%,20.90%,28.10%,1.60%,39.80%,29.80%,1.20%,47.20%
31,31R080,The Michael J. Petrides School,2020-21,98,91,47.20%,52.80%,10.40%,20.20%,29.50%,2.00%,36.80%,29.10%,1.50%,46.90%
31,31R080,The Michael J. Petrides School,2021-22,98,96,47.90%,52.10%,12.00%,21.10%,31.20%,2.00%,32.80%,28.30%,1.90%,54.30%
31,31R861,Staten Island School of Civic Leadership,2018-19,94,92,52.40%,47.60%,13.70%,20.20%,41.70%,3.50%,19.90%,24.40%,4.00%,72.30%
31,31R861,Staten Island School of Civic Leadership,2019-20,88,92,51.40%,48.60%,15.00%,20.40%,40.50%,3.90%,19.10%,24.40%,4.80%,74.50%
31,31R861,Staten Island School of Civic Leadership,2020-21,88,88,51.60%,48.40%,15.10%,22.20%,40.20%,3.90%,17.40%,23.60%,6.50%,75.70%
31,31R861,Staten Island School of Civic Leadership,2021-22,92,81,51.10%,48.90%,16.00%,21.60%,40.40%,3.70%,17.10%,24.40%,5.20%,76.00%
